-- Database Backup
-- Database: finacore_db
-- Generated: 2025-12-25 07:22:50
-- ----------------------------------------

SET FOREIGN_KEY_CHECKS=0;

DROP TABLE IF EXISTS `account_categories`;
CREATE TABLE `account_categories` (
  `id` int(11) NOT NULL AUTO_INCREMENT,
  `name` varchar(100) NOT NULL,
  `code` varchar(10) NOT NULL,
  `type` enum('aset','liabilitas','ekuitas','pendapatan','beban') NOT NULL,
  `normal_balance` enum('debit','credit') NOT NULL,
  `created_at` datetime DEFAULT current_timestamp(),
  PRIMARY KEY (`id`),
  UNIQUE KEY `code` (`code`)
) ENGINE=InnoDB AUTO_INCREMENT=11 DEFAULT CHARSET=utf8mb4 COLLATE=utf8mb4_unicode_ci;

INSERT INTO `account_categories` (`id`, `name`, `code`, `type`, `normal_balance`, `created_at`) VALUES ('1', 'Kas & Bank', '1', 'aset', 'debit', '2025-12-09 09:52:50');
INSERT INTO `account_categories` (`id`, `name`, `code`, `type`, `normal_balance`, `created_at`) VALUES ('2', 'Piutang', '2', 'aset', 'debit', '2025-12-09 09:52:50');
INSERT INTO `account_categories` (`id`, `name`, `code`, `type`, `normal_balance`, `created_at`) VALUES ('3', 'Persediaan', '3', 'aset', 'debit', '2025-12-09 09:52:50');
INSERT INTO `account_categories` (`id`, `name`, `code`, `type`, `normal_balance`, `created_at`) VALUES ('4', 'Aset Tetap', '4', 'aset', 'debit', '2025-12-09 09:52:50');
INSERT INTO `account_categories` (`id`, `name`, `code`, `type`, `normal_balance`, `created_at`) VALUES ('5', 'Utang Jangka Pendek', '5', 'liabilitas', 'credit', '2025-12-09 09:52:50');
INSERT INTO `account_categories` (`id`, `name`, `code`, `type`, `normal_balance`, `created_at`) VALUES ('6', 'Utang Jangka Panjang', '6', 'liabilitas', 'credit', '2025-12-09 09:52:50');
INSERT INTO `account_categories` (`id`, `name`, `code`, `type`, `normal_balance`, `created_at`) VALUES ('7', 'Modal', '7', 'ekuitas', 'credit', '2025-12-09 09:52:50');
INSERT INTO `account_categories` (`id`, `name`, `code`, `type`, `normal_balance`, `created_at`) VALUES ('8', 'Pendapatan Usaha', '8', 'pendapatan', 'credit', '2025-12-09 09:52:50');
INSERT INTO `account_categories` (`id`, `name`, `code`, `type`, `normal_balance`, `created_at`) VALUES ('9', 'Beban Operasional', '9', 'beban', 'debit', '2025-12-09 09:52:50');
INSERT INTO `account_categories` (`id`, `name`, `code`, `type`, `normal_balance`, `created_at`) VALUES ('10', 'Beban Lain-lain', '10', 'beban', 'debit', '2025-12-09 09:52:50');

DROP TABLE IF EXISTS `accounts`;
CREATE TABLE `accounts` (
  `id` int(11) NOT NULL AUTO_INCREMENT,
  `code` varchar(20) NOT NULL,
  `name` varchar(100) NOT NULL,
  `category_id` int(11) NOT NULL,
  `opening_balance` decimal(15,2) DEFAULT 0.00,
  `current_balance` decimal(15,2) DEFAULT 0.00,
  `is_active` tinyint(1) DEFAULT 1,
  `description` text DEFAULT NULL,
  `created_at` datetime DEFAULT current_timestamp(),
  `updated_at` datetime DEFAULT current_timestamp() ON UPDATE current_timestamp(),
  PRIMARY KEY (`id`),
  UNIQUE KEY `code` (`code`),
  KEY `idx_accounts_category` (`category_id`),
  KEY `idx_accounts_active` (`is_active`),
  CONSTRAINT `accounts_ibfk_1` FOREIGN KEY (`category_id`) REFERENCES `account_categories` (`id`)
) ENGINE=InnoDB AUTO_INCREMENT=28 DEFAULT CHARSET=utf8mb4 COLLATE=utf8mb4_unicode_ci;

INSERT INTO `accounts` (`id`, `code`, `name`, `category_id`, `opening_balance`, `current_balance`, `is_active`, `description`, `created_at`, `updated_at`) VALUES ('1', '1-1001', 'Kas Kecil', '1', '5000000.00', '5000000.00', '1', 'Kas kecil untuk operasional harian', '2025-12-09 09:52:50', '2025-12-09 21:28:57');
INSERT INTO `accounts` (`id`, `code`, `name`, `category_id`, `opening_balance`, `current_balance`, `is_active`, `description`, `created_at`, `updated_at`) VALUES ('2', '1-1002', 'Bank BCA', '1', '150000000.00', '150000000.00', '1', 'Rekening utama perusahaan', '2025-12-09 09:52:50', '2025-12-09 09:52:50');
INSERT INTO `accounts` (`id`, `code`, `name`, `category_id`, `opening_balance`, `current_balance`, `is_active`, `description`, `created_at`, `updated_at`) VALUES ('3', '1-1003', 'Bank Mandiri', '1', '75000000.00', '75000000.00', '1', 'Rekening operasional', '2025-12-09 09:52:50', '2025-12-09 09:52:50');
INSERT INTO `accounts` (`id`, `code`, `name`, `category_id`, `opening_balance`, `current_balance`, `is_active`, `description`, `created_at`, `updated_at`) VALUES ('4', '2-1001', 'Piutang Usaha', '2', '25000000.00', '25000000.00', '1', 'Piutang dari pelanggan', '2025-12-09 09:52:50', '2025-12-09 09:52:50');
INSERT INTO `accounts` (`id`, `code`, `name`, `category_id`, `opening_balance`, `current_balance`, `is_active`, `description`, `created_at`, `updated_at`) VALUES ('5', '2-1002', 'Piutang Karyawan', '2', '0.00', '0.00', '1', 'Pinjaman karyawan', '2025-12-09 09:52:50', '2025-12-09 09:52:50');
INSERT INTO `accounts` (`id`, `code`, `name`, `category_id`, `opening_balance`, `current_balance`, `is_active`, `description`, `created_at`, `updated_at`) VALUES ('6', '3-1001', 'Persediaan Barang Dagang', '3', '100000000.00', '100000000.00', '1', 'Stok barang dagangan', '2025-12-09 09:52:50', '2025-12-09 09:52:50');
INSERT INTO `accounts` (`id`, `code`, `name`, `category_id`, `opening_balance`, `current_balance`, `is_active`, `description`, `created_at`, `updated_at`) VALUES ('7', '4-1001', 'Peralatan Kantor', '4', '50000000.00', '50000000.00', '1', 'Komputer, printer, furniture', '2025-12-09 09:52:50', '2025-12-09 09:52:50');
INSERT INTO `accounts` (`id`, `code`, `name`, `category_id`, `opening_balance`, `current_balance`, `is_active`, `description`, `created_at`, `updated_at`) VALUES ('8', '4-1002', 'Kendaraan', '4', '200000000.00', '200000000.00', '1', 'Kendaraan operasional', '2025-12-09 09:52:50', '2025-12-09 09:52:50');
INSERT INTO `accounts` (`id`, `code`, `name`, `category_id`, `opening_balance`, `current_balance`, `is_active`, `description`, `created_at`, `updated_at`) VALUES ('9', '4-1003', 'Akumulasi Penyusutan', '4', '-25000000.00', '-25000000.00', '1', 'Akumulasi penyusutan aset', '2025-12-09 09:52:50', '2025-12-09 09:52:50');
INSERT INTO `accounts` (`id`, `code`, `name`, `category_id`, `opening_balance`, `current_balance`, `is_active`, `description`, `created_at`, `updated_at`) VALUES ('10', '5-1001', 'Utang Usaha', '5', '30000000.00', '30000000.00', '1', 'Utang kepada supplier', '2025-12-09 09:52:50', '2025-12-09 09:52:50');
INSERT INTO `accounts` (`id`, `code`, `name`, `category_id`, `opening_balance`, `current_balance`, `is_active`, `description`, `created_at`, `updated_at`) VALUES ('11', '5-1002', 'Utang Gaji', '5', '0.00', '0.00', '1', 'Gaji yang belum dibayar', '2025-12-09 09:52:50', '2025-12-09 09:52:50');
INSERT INTO `accounts` (`id`, `code`, `name`, `category_id`, `opening_balance`, `current_balance`, `is_active`, `description`, `created_at`, `updated_at`) VALUES ('12', '5-1003', 'Utang Pajak', '5', '5000000.00', '5000000.00', '1', 'Pajak yang belum dibayar', '2025-12-09 09:52:50', '2025-12-09 09:52:50');
INSERT INTO `accounts` (`id`, `code`, `name`, `category_id`, `opening_balance`, `current_balance`, `is_active`, `description`, `created_at`, `updated_at`) VALUES ('13', '6-1001', 'Utang Bank', '6', '100000000.00', '100000000.00', '1', 'Pinjaman bank jangka panjang', '2025-12-09 09:52:50', '2025-12-09 09:52:50');
INSERT INTO `accounts` (`id`, `code`, `name`, `category_id`, `opening_balance`, `current_balance`, `is_active`, `description`, `created_at`, `updated_at`) VALUES ('14', '7-1001', 'Modal Disetor', '7', '400000000.00', '400000000.00', '1', 'Modal awal pemegang saham', '2025-12-09 09:52:50', '2025-12-09 09:52:50');
INSERT INTO `accounts` (`id`, `code`, `name`, `category_id`, `opening_balance`, `current_balance`, `is_active`, `description`, `created_at`, `updated_at`) VALUES ('15', '7-1002', 'Laba Ditahan', '7', '45000000.00', '45000000.00', '1', 'Laba yang tidak dibagikan', '2025-12-09 09:52:50', '2025-12-09 09:52:50');
INSERT INTO `accounts` (`id`, `code`, `name`, `category_id`, `opening_balance`, `current_balance`, `is_active`, `description`, `created_at`, `updated_at`) VALUES ('16', '8-1001', 'Pendapatan Penjualan', '8', '0.00', '0.00', '1', 'Pendapatan dari penjualan', '2025-12-09 09:52:50', '2025-12-09 09:52:50');
INSERT INTO `accounts` (`id`, `code`, `name`, `category_id`, `opening_balance`, `current_balance`, `is_active`, `description`, `created_at`, `updated_at`) VALUES ('17', '8-1002', 'Pendapatan Jasa', '8', '0.00', '0.00', '1', 'Pendapatan dari jasa', '2025-12-09 09:52:50', '2025-12-09 09:52:50');
INSERT INTO `accounts` (`id`, `code`, `name`, `category_id`, `opening_balance`, `current_balance`, `is_active`, `description`, `created_at`, `updated_at`) VALUES ('18', '8-1003', 'Pendapatan Lain-lain', '8', '0.00', '0.00', '1', 'Pendapatan diluar usaha', '2025-12-09 09:52:50', '2025-12-09 09:52:50');
INSERT INTO `accounts` (`id`, `code`, `name`, `category_id`, `opening_balance`, `current_balance`, `is_active`, `description`, `created_at`, `updated_at`) VALUES ('19', '9-1001', 'Beban Gaji', '9', '0.00', '0.00', '1', 'Gaji karyawan', '2025-12-09 09:52:50', '2025-12-09 09:52:50');
INSERT INTO `accounts` (`id`, `code`, `name`, `category_id`, `opening_balance`, `current_balance`, `is_active`, `description`, `created_at`, `updated_at`) VALUES ('20', '9-1002', 'Beban Listrik & Air', '9', '0.00', '0.00', '1', 'Biaya utilitas', '2025-12-09 09:52:50', '2025-12-09 09:52:50');
INSERT INTO `accounts` (`id`, `code`, `name`, `category_id`, `opening_balance`, `current_balance`, `is_active`, `description`, `created_at`, `updated_at`) VALUES ('21', '9-1003', 'Beban Sewa', '9', '0.00', '0.00', '1', 'Biaya sewa kantor', '2025-12-09 09:52:50', '2025-12-09 09:52:50');
INSERT INTO `accounts` (`id`, `code`, `name`, `category_id`, `opening_balance`, `current_balance`, `is_active`, `description`, `created_at`, `updated_at`) VALUES ('22', '9-1004', 'Beban Perlengkapan', '9', '0.00', '0.00', '1', 'Biaya perlengkapan kantor', '2025-12-09 09:52:50', '2025-12-09 09:52:50');
INSERT INTO `accounts` (`id`, `code`, `name`, `category_id`, `opening_balance`, `current_balance`, `is_active`, `description`, `created_at`, `updated_at`) VALUES ('23', '9-1005', 'Beban Penyusutan', '9', '0.00', '0.00', '1', 'Beban penyusutan aset', '2025-12-09 09:52:50', '2025-12-09 09:52:50');
INSERT INTO `accounts` (`id`, `code`, `name`, `category_id`, `opening_balance`, `current_balance`, `is_active`, `description`, `created_at`, `updated_at`) VALUES ('24', '10-1001', 'Beban Bunga', '10', '0.00', '0.00', '1', 'Bunga pinjaman', '2025-12-09 09:52:50', '2025-12-09 09:52:50');
INSERT INTO `accounts` (`id`, `code`, `name`, `category_id`, `opening_balance`, `current_balance`, `is_active`, `description`, `created_at`, `updated_at`) VALUES ('25', '10-1002', 'Beban Administrasi Bank', '10', '0.00', '0.00', '1', 'Biaya admin bank', '2025-12-09 09:52:50', '2025-12-09 09:52:50');
INSERT INTO `accounts` (`id`, `code`, `name`, `category_id`, `opening_balance`, `current_balance`, `is_active`, `description`, `created_at`, `updated_at`) VALUES ('27', '1-1010', 'Kas Sedang', '1', '100000.00', '1000000.00', '1', 'Kas Sedang', '2025-12-24 18:46:34', '2025-12-24 18:47:15');

DROP TABLE IF EXISTS `activity_logs`;
CREATE TABLE `activity_logs` (
  `id` int(11) NOT NULL AUTO_INCREMENT,
  `user_id` int(11) DEFAULT NULL,
  `action` varchar(50) NOT NULL,
  `module` varchar(50) NOT NULL,
  `record_id` int(11) DEFAULT NULL,
  `description` text DEFAULT NULL,
  `old_data` longtext CHARACTER SET utf8mb4 COLLATE utf8mb4_bin DEFAULT NULL CHECK (json_valid(`old_data`)),
  `new_data` longtext CHARACTER SET utf8mb4 COLLATE utf8mb4_bin DEFAULT NULL CHECK (json_valid(`new_data`)),
  `ip_address` varchar(45) DEFAULT NULL,
  `user_agent` text DEFAULT NULL,
  `created_at` datetime DEFAULT current_timestamp(),
  PRIMARY KEY (`id`),
  KEY `idx_activity_logs_user` (`user_id`),
  KEY `idx_activity_logs_module` (`module`),
  KEY `idx_activity_logs_date` (`created_at`),
  CONSTRAINT `activity_logs_ibfk_1` FOREIGN KEY (`user_id`) REFERENCES `users` (`id`) ON DELETE SET NULL
) ENGINE=InnoDB AUTO_INCREMENT=200 DEFAULT CHARSET=utf8mb4 COLLATE=utf8mb4_unicode_ci;

INSERT INTO `activity_logs` (`id`, `user_id`, `action`, `module`, `record_id`, `description`, `old_data`, `new_data`, `ip_address`, `user_agent`, `created_at`) VALUES ('1', '1', 'login', 'auth', NULL, 'User admin berhasil login', NULL, NULL, '127.0.0.1', NULL, '2025-12-09 09:52:50');
INSERT INTO `activity_logs` (`id`, `user_id`, `action`, `module`, `record_id`, `description`, `old_data`, `new_data`, `ip_address`, `user_agent`, `created_at`) VALUES ('2', '2', 'create', 'journal', '1', 'Membuat jurnal JU-202412-0001', NULL, NULL, '127.0.0.1', NULL, '2025-12-09 09:52:50');
INSERT INTO `activity_logs` (`id`, `user_id`, `action`, `module`, `record_id`, `description`, `old_data`, `new_data`, `ip_address`, `user_agent`, `created_at`) VALUES ('3', '1', 'approve', 'journal', '1', 'Menyetujui jurnal JU-202412-0001', NULL, NULL, '127.0.0.1', NULL, '2025-12-09 09:52:50');
INSERT INTO `activity_logs` (`id`, `user_id`, `action`, `module`, `record_id`, `description`, `old_data`, `new_data`, `ip_address`, `user_agent`, `created_at`) VALUES ('4', '3', 'create', 'cash', '1', 'Membuat transaksi KM-202412-0001', NULL, NULL, '127.0.0.1', NULL, '2025-12-09 09:52:50');
INSERT INTO `activity_logs` (`id`, `user_id`, `action`, `module`, `record_id`, `description`, `old_data`, `new_data`, `ip_address`, `user_agent`, `created_at`) VALUES ('5', '2', 'create', 'journal', '2', 'Membuat jurnal JU-202412-0002', NULL, NULL, '127.0.0.1', NULL, '2025-12-09 09:52:50');
INSERT INTO `activity_logs` (`id`, `user_id`, `action`, `module`, `record_id`, `description`, `old_data`, `new_data`, `ip_address`, `user_agent`, `created_at`) VALUES ('6', '1', 'login', 'auth', NULL, 'User admin berhasil login', NULL, NULL, '::1', 'Mozilla/5.0 (Windows NT 10.0; Win64; x64) AppleWebKit/537.36 (KHTML, like Gecko) Chrome/142.0.0.0 Safari/537.36', '2025-12-09 09:58:13');
INSERT INTO `activity_logs` (`id`, `user_id`, `action`, `module`, `record_id`, `description`, `old_data`, `new_data`, `ip_address`, `user_agent`, `created_at`) VALUES ('7', '1', 'logout', 'auth', NULL, 'User logout', NULL, NULL, '::1', 'Mozilla/5.0 (iPhone; CPU iPhone OS 18_5 like Mac OS X) AppleWebKit/605.1.15 (KHTML, like Gecko) Version/18.5 Mobile/15E148 Safari/604.1', '2025-12-09 09:59:45');
INSERT INTO `activity_logs` (`id`, `user_id`, `action`, `module`, `record_id`, `description`, `old_data`, `new_data`, `ip_address`, `user_agent`, `created_at`) VALUES ('8', '2', 'login', 'auth', NULL, 'User akuntan1 berhasil login', NULL, NULL, '::1', 'Mozilla/5.0 (Windows NT 10.0; Win64; x64) AppleWebKit/537.36 (KHTML, like Gecko) Chrome/142.0.0.0 Safari/537.36', '2025-12-09 09:59:53');
INSERT INTO `activity_logs` (`id`, `user_id`, `action`, `module`, `record_id`, `description`, `old_data`, `new_data`, `ip_address`, `user_agent`, `created_at`) VALUES ('9', '2', 'logout', 'auth', NULL, 'User logout', NULL, NULL, '::1', 'Mozilla/5.0 (Windows NT 10.0; Win64; x64) AppleWebKit/537.36 (KHTML, like Gecko) Chrome/142.0.0.0 Safari/537.36', '2025-12-09 10:01:05');
INSERT INTO `activity_logs` (`id`, `user_id`, `action`, `module`, `record_id`, `description`, `old_data`, `new_data`, `ip_address`, `user_agent`, `created_at`) VALUES ('10', '1', 'login', 'auth', NULL, 'User admin berhasil login', NULL, NULL, '::1', 'Mozilla/5.0 (Windows NT 10.0; Win64; x64) AppleWebKit/537.36 (KHTML, like Gecko) Chrome/142.0.0.0 Safari/537.36', '2025-12-09 10:04:54');
INSERT INTO `activity_logs` (`id`, `user_id`, `action`, `module`, `record_id`, `description`, `old_data`, `new_data`, `ip_address`, `user_agent`, `created_at`) VALUES ('11', '1', 'logout', 'auth', NULL, 'User logout', NULL, NULL, '::1', 'Mozilla/5.0 (Windows NT 10.0; Win64; x64) AppleWebKit/537.36 (KHTML, like Gecko) Chrome/142.0.0.0 Safari/537.36', '2025-12-09 10:13:27');
INSERT INTO `activity_logs` (`id`, `user_id`, `action`, `module`, `record_id`, `description`, `old_data`, `new_data`, `ip_address`, `user_agent`, `created_at`) VALUES ('12', '1', 'login', 'auth', NULL, 'User admin berhasil login', NULL, NULL, '::1', 'Mozilla/5.0 (Windows NT 10.0; Win64; x64) AppleWebKit/537.36 (KHTML, like Gecko) Chrome/142.0.0.0 Safari/537.36', '2025-12-09 10:13:31');
INSERT INTO `activity_logs` (`id`, `user_id`, `action`, `module`, `record_id`, `description`, `old_data`, `new_data`, `ip_address`, `user_agent`, `created_at`) VALUES ('13', '1', 'login', 'auth', NULL, 'User admin berhasil login', NULL, NULL, '::1', 'Mozilla/5.0 (Windows NT 10.0; Win64; x64) AppleWebKit/537.36 (KHTML, like Gecko) Chrome/143.0.0.0 Safari/537.36', '2025-12-09 10:23:37');
INSERT INTO `activity_logs` (`id`, `user_id`, `action`, `module`, `record_id`, `description`, `old_data`, `new_data`, `ip_address`, `user_agent`, `created_at`) VALUES ('14', '1', 'logout', 'auth', NULL, 'User logout', NULL, NULL, '::1', 'Mozilla/5.0 (Windows NT 10.0; Win64; x64) AppleWebKit/537.36 (KHTML, like Gecko) Chrome/143.0.0.0 Safari/537.36', '2025-12-09 10:24:35');
INSERT INTO `activity_logs` (`id`, `user_id`, `action`, `module`, `record_id`, `description`, `old_data`, `new_data`, `ip_address`, `user_agent`, `created_at`) VALUES ('15', '1', 'login', 'auth', NULL, 'User admin berhasil login', NULL, NULL, '::1', 'Mozilla/5.0 (Windows NT 10.0; Win64; x64) AppleWebKit/537.36 (KHTML, like Gecko) Chrome/143.0.0.0 Safari/537.36', '2025-12-09 10:41:22');
INSERT INTO `activity_logs` (`id`, `user_id`, `action`, `module`, `record_id`, `description`, `old_data`, `new_data`, `ip_address`, `user_agent`, `created_at`) VALUES ('16', '1', 'logout', 'auth', NULL, 'User logout', NULL, NULL, '::1', 'Mozilla/5.0 (Windows NT 10.0; Win64; x64) AppleWebKit/537.36 (KHTML, like Gecko) Chrome/143.0.0.0 Safari/537.36', '2025-12-09 10:41:26');
INSERT INTO `activity_logs` (`id`, `user_id`, `action`, `module`, `record_id`, `description`, `old_data`, `new_data`, `ip_address`, `user_agent`, `created_at`) VALUES ('17', '1', 'login', 'auth', NULL, 'User admin berhasil login', NULL, NULL, '::1', 'Mozilla/5.0 (Windows NT 10.0; Win64; x64) AppleWebKit/537.36 (KHTML, like Gecko) Chrome/143.0.0.0 Safari/537.36', '2025-12-09 11:05:24');
INSERT INTO `activity_logs` (`id`, `user_id`, `action`, `module`, `record_id`, `description`, `old_data`, `new_data`, `ip_address`, `user_agent`, `created_at`) VALUES ('18', '1', 'logout', 'auth', NULL, 'User logout', NULL, NULL, '::1', 'Mozilla/5.0 (Windows NT 10.0; Win64; x64) AppleWebKit/537.36 (KHTML, like Gecko) Chrome/143.0.0.0 Safari/537.36', '2025-12-09 11:06:15');
INSERT INTO `activity_logs` (`id`, `user_id`, `action`, `module`, `record_id`, `description`, `old_data`, `new_data`, `ip_address`, `user_agent`, `created_at`) VALUES ('19', '1', 'login', 'auth', NULL, 'User admin berhasil login', NULL, NULL, '::1', 'Mozilla/5.0 (Windows NT 10.0; Win64; x64) AppleWebKit/537.36 (KHTML, like Gecko) Chrome/143.0.0.0 Safari/537.36 Edg/143.0.0.0', '2025-12-09 11:07:29');
INSERT INTO `activity_logs` (`id`, `user_id`, `action`, `module`, `record_id`, `description`, `old_data`, `new_data`, `ip_address`, `user_agent`, `created_at`) VALUES ('20', '1', 'logout', 'auth', NULL, 'User logout', NULL, NULL, '::1', 'Mozilla/5.0 (Windows NT 10.0; Win64; x64) AppleWebKit/537.36 (KHTML, like Gecko) Chrome/143.0.0.0 Safari/537.36 Edg/143.0.0.0', '2025-12-09 11:07:43');
INSERT INTO `activity_logs` (`id`, `user_id`, `action`, `module`, `record_id`, `description`, `old_data`, `new_data`, `ip_address`, `user_agent`, `created_at`) VALUES ('21', '1', 'login', 'auth', NULL, 'User admin berhasil login', NULL, NULL, '::1', 'Mozilla/5.0 (Windows NT 10.0; Win64; x64) AppleWebKit/537.36 (KHTML, like Gecko) Chrome/143.0.0.0 Safari/537.36', '2025-12-09 11:14:51');
INSERT INTO `activity_logs` (`id`, `user_id`, `action`, `module`, `record_id`, `description`, `old_data`, `new_data`, `ip_address`, `user_agent`, `created_at`) VALUES ('22', '1', 'logout', 'auth', NULL, 'User logout', NULL, NULL, '::1', 'Mozilla/5.0 (iPhone; CPU iPhone OS 18_5 like Mac OS X) AppleWebKit/605.1.15 (KHTML, like Gecko) Version/18.5 Mobile/15E148 Safari/604.1', '2025-12-09 12:16:03');
INSERT INTO `activity_logs` (`id`, `user_id`, `action`, `module`, `record_id`, `description`, `old_data`, `new_data`, `ip_address`, `user_agent`, `created_at`) VALUES ('23', '1', 'login', 'auth', NULL, 'User admin berhasil login', NULL, NULL, '::1', 'Mozilla/5.0 (Windows NT 10.0; Win64; x64) AppleWebKit/537.36 (KHTML, like Gecko) Chrome/143.0.0.0 Safari/537.36', '2025-12-09 18:52:24');
INSERT INTO `activity_logs` (`id`, `user_id`, `action`, `module`, `record_id`, `description`, `old_data`, `new_data`, `ip_address`, `user_agent`, `created_at`) VALUES ('24', '1', 'logout', 'auth', NULL, 'User logout', NULL, NULL, '::1', 'Mozilla/5.0 (Windows NT 10.0; Win64; x64) AppleWebKit/537.36 (KHTML, like Gecko) Chrome/143.0.0.0 Safari/537.36', '2025-12-09 18:52:33');
INSERT INTO `activity_logs` (`id`, `user_id`, `action`, `module`, `record_id`, `description`, `old_data`, `new_data`, `ip_address`, `user_agent`, `created_at`) VALUES ('25', '1', 'login', 'auth', NULL, 'User admin berhasil login', NULL, NULL, '::1', 'Mozilla/5.0 (Windows NT 10.0; Win64; x64) AppleWebKit/537.36 (KHTML, like Gecko) Chrome/143.0.0.0 Safari/537.36', '2025-12-09 19:02:34');
INSERT INTO `activity_logs` (`id`, `user_id`, `action`, `module`, `record_id`, `description`, `old_data`, `new_data`, `ip_address`, `user_agent`, `created_at`) VALUES ('26', '1', 'logout', 'auth', NULL, 'User logout', NULL, NULL, '::1', 'Mozilla/5.0 (Windows NT 10.0; Win64; x64) AppleWebKit/537.36 (KHTML, like Gecko) Chrome/143.0.0.0 Safari/537.36', '2025-12-09 19:10:04');
INSERT INTO `activity_logs` (`id`, `user_id`, `action`, `module`, `record_id`, `description`, `old_data`, `new_data`, `ip_address`, `user_agent`, `created_at`) VALUES ('27', '1', 'login', 'auth', NULL, 'User admin berhasil login', NULL, NULL, '::1', 'Mozilla/5.0 (Windows NT 10.0; Win64; x64) AppleWebKit/537.36 (KHTML, like Gecko) Chrome/143.0.0.0 Safari/537.36', '2025-12-09 19:13:43');
INSERT INTO `activity_logs` (`id`, `user_id`, `action`, `module`, `record_id`, `description`, `old_data`, `new_data`, `ip_address`, `user_agent`, `created_at`) VALUES ('28', '1', 'logout', 'auth', NULL, 'User logout', NULL, NULL, '::1', 'Mozilla/5.0 (Windows NT 10.0; Win64; x64) AppleWebKit/537.36 (KHTML, like Gecko) Chrome/143.0.0.0 Safari/537.36', '2025-12-09 19:21:55');
INSERT INTO `activity_logs` (`id`, `user_id`, `action`, `module`, `record_id`, `description`, `old_data`, `new_data`, `ip_address`, `user_agent`, `created_at`) VALUES ('29', '1', 'login', 'auth', NULL, 'User admin berhasil login', NULL, NULL, '::1', 'Mozilla/5.0 (Windows NT 10.0; Win64; x64) AppleWebKit/537.36 (KHTML, like Gecko) Chrome/143.0.0.0 Safari/537.36', '2025-12-09 19:52:56');
INSERT INTO `activity_logs` (`id`, `user_id`, `action`, `module`, `record_id`, `description`, `old_data`, `new_data`, `ip_address`, `user_agent`, `created_at`) VALUES ('30', '1', 'logout', 'auth', NULL, 'User logout', NULL, NULL, '::1', 'Mozilla/5.0 (Windows NT 10.0; Win64; x64) AppleWebKit/537.36 (KHTML, like Gecko) Chrome/143.0.0.0 Safari/537.36', '2025-12-09 19:53:18');
INSERT INTO `activity_logs` (`id`, `user_id`, `action`, `module`, `record_id`, `description`, `old_data`, `new_data`, `ip_address`, `user_agent`, `created_at`) VALUES ('31', '2', 'login', 'auth', NULL, 'User akuntan1 berhasil login', NULL, NULL, '::1', 'Mozilla/5.0 (Windows NT 10.0; Win64; x64) AppleWebKit/537.36 (KHTML, like Gecko) Chrome/143.0.0.0 Safari/537.36', '2025-12-09 20:01:04');
INSERT INTO `activity_logs` (`id`, `user_id`, `action`, `module`, `record_id`, `description`, `old_data`, `new_data`, `ip_address`, `user_agent`, `created_at`) VALUES ('32', '2', 'logout', 'auth', NULL, 'User logout', NULL, NULL, '::1', 'Mozilla/5.0 (Windows NT 10.0; Win64; x64) AppleWebKit/537.36 (KHTML, like Gecko) Chrome/143.0.0.0 Safari/537.36', '2025-12-09 20:01:08');
INSERT INTO `activity_logs` (`id`, `user_id`, `action`, `module`, `record_id`, `description`, `old_data`, `new_data`, `ip_address`, `user_agent`, `created_at`) VALUES ('33', '1', 'login', 'auth', NULL, 'User admin berhasil login', NULL, NULL, '::1', 'Mozilla/5.0 (Windows NT 10.0; Win64; x64) AppleWebKit/537.36 (KHTML, like Gecko) Chrome/143.0.0.0 Safari/537.36', '2025-12-09 20:01:13');
INSERT INTO `activity_logs` (`id`, `user_id`, `action`, `module`, `record_id`, `description`, `old_data`, `new_data`, `ip_address`, `user_agent`, `created_at`) VALUES ('34', '1', 'logout', 'auth', NULL, 'User logout', NULL, NULL, '::1', 'Mozilla/5.0 (Windows NT 10.0; Win64; x64) AppleWebKit/537.36 (KHTML, like Gecko) Chrome/143.0.0.0 Safari/537.36', '2025-12-09 20:01:17');
INSERT INTO `activity_logs` (`id`, `user_id`, `action`, `module`, `record_id`, `description`, `old_data`, `new_data`, `ip_address`, `user_agent`, `created_at`) VALUES ('35', '3', 'login', 'auth', NULL, 'User staff1 berhasil login', NULL, NULL, '::1', 'Mozilla/5.0 (Windows NT 10.0; Win64; x64) AppleWebKit/537.36 (KHTML, like Gecko) Chrome/143.0.0.0 Safari/537.36', '2025-12-09 20:01:21');
INSERT INTO `activity_logs` (`id`, `user_id`, `action`, `module`, `record_id`, `description`, `old_data`, `new_data`, `ip_address`, `user_agent`, `created_at`) VALUES ('36', '3', 'logout', 'auth', NULL, 'User logout', NULL, NULL, '::1', 'Mozilla/5.0 (Windows NT 10.0; Win64; x64) AppleWebKit/537.36 (KHTML, like Gecko) Chrome/143.0.0.0 Safari/537.36', '2025-12-09 20:02:06');
INSERT INTO `activity_logs` (`id`, `user_id`, `action`, `module`, `record_id`, `description`, `old_data`, `new_data`, `ip_address`, `user_agent`, `created_at`) VALUES ('37', '1', 'login', 'auth', NULL, 'User admin berhasil login', NULL, NULL, '::1', 'Mozilla/5.0 (Windows NT 10.0; Win64; x64) AppleWebKit/537.36 (KHTML, like Gecko) Chrome/143.0.0.0 Safari/537.36', '2025-12-09 20:02:10');
INSERT INTO `activity_logs` (`id`, `user_id`, `action`, `module`, `record_id`, `description`, `old_data`, `new_data`, `ip_address`, `user_agent`, `created_at`) VALUES ('38', '1', 'logout', 'auth', NULL, 'User logout', NULL, NULL, '::1', 'Mozilla/5.0 (Windows NT 10.0; Win64; x64) AppleWebKit/537.36 (KHTML, like Gecko) Chrome/143.0.0.0 Safari/537.36', '2025-12-09 20:02:14');
INSERT INTO `activity_logs` (`id`, `user_id`, `action`, `module`, `record_id`, `description`, `old_data`, `new_data`, `ip_address`, `user_agent`, `created_at`) VALUES ('39', '4', 'login', 'auth', NULL, 'User auditor1 berhasil login', NULL, NULL, '::1', 'Mozilla/5.0 (Windows NT 10.0; Win64; x64) AppleWebKit/537.36 (KHTML, like Gecko) Chrome/143.0.0.0 Safari/537.36', '2025-12-09 20:02:19');
INSERT INTO `activity_logs` (`id`, `user_id`, `action`, `module`, `record_id`, `description`, `old_data`, `new_data`, `ip_address`, `user_agent`, `created_at`) VALUES ('40', '4', 'logout', 'auth', NULL, 'User logout', NULL, NULL, '::1', 'Mozilla/5.0 (Windows NT 10.0; Win64; x64) AppleWebKit/537.36 (KHTML, like Gecko) Chrome/143.0.0.0 Safari/537.36', '2025-12-09 20:03:13');
INSERT INTO `activity_logs` (`id`, `user_id`, `action`, `module`, `record_id`, `description`, `old_data`, `new_data`, `ip_address`, `user_agent`, `created_at`) VALUES ('41', '1', 'login', 'auth', NULL, 'User admin berhasil login', NULL, NULL, '::1', 'Mozilla/5.0 (Windows NT 10.0; Win64; x64) AppleWebKit/537.36 (KHTML, like Gecko) Chrome/143.0.0.0 Safari/537.36', '2025-12-09 20:03:21');
INSERT INTO `activity_logs` (`id`, `user_id`, `action`, `module`, `record_id`, `description`, `old_data`, `new_data`, `ip_address`, `user_agent`, `created_at`) VALUES ('42', '1', 'logout', 'auth', NULL, 'User logout', NULL, NULL, '::1', 'Mozilla/5.0 (Windows NT 10.0; Win64; x64) AppleWebKit/537.36 (KHTML, like Gecko) Chrome/143.0.0.0 Safari/537.36', '2025-12-09 20:03:30');
INSERT INTO `activity_logs` (`id`, `user_id`, `action`, `module`, `record_id`, `description`, `old_data`, `new_data`, `ip_address`, `user_agent`, `created_at`) VALUES ('43', '5', 'login', 'auth', NULL, 'User manajer1 berhasil login', NULL, NULL, '::1', 'Mozilla/5.0 (Windows NT 10.0; Win64; x64) AppleWebKit/537.36 (KHTML, like Gecko) Chrome/143.0.0.0 Safari/537.36', '2025-12-09 20:03:35');
INSERT INTO `activity_logs` (`id`, `user_id`, `action`, `module`, `record_id`, `description`, `old_data`, `new_data`, `ip_address`, `user_agent`, `created_at`) VALUES ('44', '5', 'logout', 'auth', NULL, 'User logout', NULL, NULL, '::1', 'Mozilla/5.0 (Windows NT 10.0; Win64; x64) AppleWebKit/537.36 (KHTML, like Gecko) Chrome/143.0.0.0 Safari/537.36', '2025-12-09 20:04:13');
INSERT INTO `activity_logs` (`id`, `user_id`, `action`, `module`, `record_id`, `description`, `old_data`, `new_data`, `ip_address`, `user_agent`, `created_at`) VALUES ('45', '1', 'login', 'auth', NULL, 'User admin berhasil login', NULL, NULL, '::1', 'Mozilla/5.0 (Windows NT 10.0; Win64; x64) AppleWebKit/537.36 (KHTML, like Gecko) Chrome/143.0.0.0 Safari/537.36', '2025-12-09 20:04:21');
INSERT INTO `activity_logs` (`id`, `user_id`, `action`, `module`, `record_id`, `description`, `old_data`, `new_data`, `ip_address`, `user_agent`, `created_at`) VALUES ('46', '1', 'login', 'auth', NULL, 'User admin berhasil login', NULL, NULL, '::1', 'Mozilla/5.0 (Windows NT 10.0; Win64; x64) AppleWebKit/537.36 (KHTML, like Gecko) Chrome/143.0.0.0 Safari/537.36', '2025-12-09 20:48:33');
INSERT INTO `activity_logs` (`id`, `user_id`, `action`, `module`, `record_id`, `description`, `old_data`, `new_data`, `ip_address`, `user_agent`, `created_at`) VALUES ('47', '1', 'logout', 'auth', NULL, 'User logout', NULL, NULL, '::1', 'Mozilla/5.0 (Windows NT 10.0; Win64; x64) AppleWebKit/537.36 (KHTML, like Gecko) Chrome/143.0.0.0 Safari/537.36', '2025-12-09 20:49:03');
INSERT INTO `activity_logs` (`id`, `user_id`, `action`, `module`, `record_id`, `description`, `old_data`, `new_data`, `ip_address`, `user_agent`, `created_at`) VALUES ('48', '2', 'login', 'auth', NULL, 'User akuntan1 berhasil login', NULL, NULL, '::1', 'Mozilla/5.0 (Windows NT 10.0; Win64; x64) AppleWebKit/537.36 (KHTML, like Gecko) Chrome/143.0.0.0 Safari/537.36', '2025-12-09 20:49:10');
INSERT INTO `activity_logs` (`id`, `user_id`, `action`, `module`, `record_id`, `description`, `old_data`, `new_data`, `ip_address`, `user_agent`, `created_at`) VALUES ('49', '2', 'approve', 'journal', '3', 'Menyetujui jurnal: JU-202412-0003', NULL, NULL, '::1', 'Mozilla/5.0 (Windows NT 10.0; Win64; x64) AppleWebKit/537.36 (KHTML, like Gecko) Chrome/143.0.0.0 Safari/537.36', '2025-12-09 20:50:02');
INSERT INTO `activity_logs` (`id`, `user_id`, `action`, `module`, `record_id`, `description`, `old_data`, `new_data`, `ip_address`, `user_agent`, `created_at`) VALUES ('50', '2', 'logout', 'auth', NULL, 'User logout', NULL, NULL, '::1', 'Mozilla/5.0 (Windows NT 10.0; Win64; x64) AppleWebKit/537.36 (KHTML, like Gecko) Chrome/143.0.0.0 Safari/537.36', '2025-12-09 20:51:03');
INSERT INTO `activity_logs` (`id`, `user_id`, `action`, `module`, `record_id`, `description`, `old_data`, `new_data`, `ip_address`, `user_agent`, `created_at`) VALUES ('51', '3', 'login', 'auth', NULL, 'User staff1 berhasil login', NULL, NULL, '::1', 'Mozilla/5.0 (Windows NT 10.0; Win64; x64) AppleWebKit/537.36 (KHTML, like Gecko) Chrome/143.0.0.0 Safari/537.36', '2025-12-09 20:51:17');
INSERT INTO `activity_logs` (`id`, `user_id`, `action`, `module`, `record_id`, `description`, `old_data`, `new_data`, `ip_address`, `user_agent`, `created_at`) VALUES ('52', '3', 'logout', 'auth', NULL, 'User logout', NULL, NULL, '::1', 'Mozilla/5.0 (Windows NT 10.0; Win64; x64) AppleWebKit/537.36 (KHTML, like Gecko) Chrome/143.0.0.0 Safari/537.36', '2025-12-09 20:51:41');
INSERT INTO `activity_logs` (`id`, `user_id`, `action`, `module`, `record_id`, `description`, `old_data`, `new_data`, `ip_address`, `user_agent`, `created_at`) VALUES ('53', '4', 'login', 'auth', NULL, 'User auditor1 berhasil login', NULL, NULL, '::1', 'Mozilla/5.0 (Windows NT 10.0; Win64; x64) AppleWebKit/537.36 (KHTML, like Gecko) Chrome/143.0.0.0 Safari/537.36', '2025-12-09 20:51:53');
INSERT INTO `activity_logs` (`id`, `user_id`, `action`, `module`, `record_id`, `description`, `old_data`, `new_data`, `ip_address`, `user_agent`, `created_at`) VALUES ('54', '4', 'logout', 'auth', NULL, 'User logout', NULL, NULL, '::1', 'Mozilla/5.0 (Windows NT 10.0; Win64; x64) AppleWebKit/537.36 (KHTML, like Gecko) Chrome/143.0.0.0 Safari/537.36', '2025-12-09 20:52:25');
INSERT INTO `activity_logs` (`id`, `user_id`, `action`, `module`, `record_id`, `description`, `old_data`, `new_data`, `ip_address`, `user_agent`, `created_at`) VALUES ('55', '5', 'login', 'auth', NULL, 'User manajer1 berhasil login', NULL, NULL, '::1', 'Mozilla/5.0 (Windows NT 10.0; Win64; x64) AppleWebKit/537.36 (KHTML, like Gecko) Chrome/143.0.0.0 Safari/537.36', '2025-12-09 20:52:34');
INSERT INTO `activity_logs` (`id`, `user_id`, `action`, `module`, `record_id`, `description`, `old_data`, `new_data`, `ip_address`, `user_agent`, `created_at`) VALUES ('56', '5', 'logout', 'auth', NULL, 'User logout', NULL, NULL, '::1', 'Mozilla/5.0 (Windows NT 10.0; Win64; x64) AppleWebKit/537.36 (KHTML, like Gecko) Chrome/143.0.0.0 Safari/537.36', '2025-12-09 20:53:05');
INSERT INTO `activity_logs` (`id`, `user_id`, `action`, `module`, `record_id`, `description`, `old_data`, `new_data`, `ip_address`, `user_agent`, `created_at`) VALUES ('57', '1', 'login', 'auth', NULL, 'User admin berhasil login', NULL, NULL, '::1', 'Mozilla/5.0 (Windows NT 10.0; Win64; x64) AppleWebKit/537.36 (KHTML, like Gecko) Chrome/143.0.0.0 Safari/537.36', '2025-12-09 21:04:34');
INSERT INTO `activity_logs` (`id`, `user_id`, `action`, `module`, `record_id`, `description`, `old_data`, `new_data`, `ip_address`, `user_agent`, `created_at`) VALUES ('58', '1', 'update', 'accounts', '1', 'Mengupdate akun: 1-1001 - Kas Kecil', '{\"id\":1,\"code\":\"1-1001\",\"name\":\"Kas Kecil\",\"category_id\":1,\"opening_balance\":\"5000000.00\",\"current_balance\":\"5000000.00\",\"is_active\":1,\"description\":\"Kas kecil untuk operasional harian\",\"created_at\":\"2025-12-09 09:52:50\",\"updated_at\":\"2025-12-09 09:52:50\"}', '{\"code\":\"1-1001\",\"name\":\"Kas Kecil\",\"category_id\":\"1\",\"opening_balance\":\"5.000.000\",\"description\":\"Kas kecil untuk operasional harian\",\"is_active\":\"1\"}', '::1', 'Mozilla/5.0 (Windows NT 10.0; Win64; x64) AppleWebKit/537.36 (KHTML, like Gecko) Chrome/143.0.0.0 Safari/537.36', '2025-12-09 21:28:57');
INSERT INTO `activity_logs` (`id`, `user_id`, `action`, `module`, `record_id`, `description`, `old_data`, `new_data`, `ip_address`, `user_agent`, `created_at`) VALUES ('59', '1', 'login', 'auth', NULL, 'User admin berhasil login', NULL, NULL, '::1', 'Mozilla/5.0 (Windows NT 10.0; Win64; x64) AppleWebKit/537.36 (KHTML, like Gecko) Chrome/143.0.0.0 Safari/537.36', '2025-12-10 06:28:59');
INSERT INTO `activity_logs` (`id`, `user_id`, `action`, `module`, `record_id`, `description`, `old_data`, `new_data`, `ip_address`, `user_agent`, `created_at`) VALUES ('60', '1', 'logout', 'auth', NULL, 'User logout', NULL, NULL, '::1', 'Mozilla/5.0 (Windows NT 10.0; Win64; x64) AppleWebKit/537.36 (KHTML, like Gecko) Chrome/143.0.0.0 Safari/537.36', '2025-12-10 06:29:20');
INSERT INTO `activity_logs` (`id`, `user_id`, `action`, `module`, `record_id`, `description`, `old_data`, `new_data`, `ip_address`, `user_agent`, `created_at`) VALUES ('61', '1', 'login', 'auth', NULL, 'User admin berhasil login', NULL, NULL, '::1', 'Mozilla/5.0 (Windows NT 10.0; Win64; x64) AppleWebKit/537.36 (KHTML, like Gecko) Chrome/143.0.0.0 Safari/537.36', '2025-12-10 06:29:31');
INSERT INTO `activity_logs` (`id`, `user_id`, `action`, `module`, `record_id`, `description`, `old_data`, `new_data`, `ip_address`, `user_agent`, `created_at`) VALUES ('62', '1', 'logout', 'auth', NULL, 'User logout', NULL, NULL, '::1', 'Mozilla/5.0 (Windows NT 10.0; Win64; x64) AppleWebKit/537.36 (KHTML, like Gecko) Chrome/143.0.0.0 Safari/537.36', '2025-12-10 06:30:02');
INSERT INTO `activity_logs` (`id`, `user_id`, `action`, `module`, `record_id`, `description`, `old_data`, `new_data`, `ip_address`, `user_agent`, `created_at`) VALUES ('63', '2', 'login', 'auth', NULL, 'User akuntan1 berhasil login', NULL, NULL, '::1', 'Mozilla/5.0 (Windows NT 10.0; Win64; x64) AppleWebKit/537.36 (KHTML, like Gecko) Chrome/143.0.0.0 Safari/537.36', '2025-12-10 06:30:07');
INSERT INTO `activity_logs` (`id`, `user_id`, `action`, `module`, `record_id`, `description`, `old_data`, `new_data`, `ip_address`, `user_agent`, `created_at`) VALUES ('64', '2', 'logout', 'auth', NULL, 'User logout', NULL, NULL, '::1', 'Mozilla/5.0 (Windows NT 10.0; Win64; x64) AppleWebKit/537.36 (KHTML, like Gecko) Chrome/143.0.0.0 Safari/537.36', '2025-12-10 06:30:31');
INSERT INTO `activity_logs` (`id`, `user_id`, `action`, `module`, `record_id`, `description`, `old_data`, `new_data`, `ip_address`, `user_agent`, `created_at`) VALUES ('65', '3', 'login', 'auth', NULL, 'User staff1 berhasil login', NULL, NULL, '::1', 'Mozilla/5.0 (Windows NT 10.0; Win64; x64) AppleWebKit/537.36 (KHTML, like Gecko) Chrome/143.0.0.0 Safari/537.36', '2025-12-10 06:30:37');
INSERT INTO `activity_logs` (`id`, `user_id`, `action`, `module`, `record_id`, `description`, `old_data`, `new_data`, `ip_address`, `user_agent`, `created_at`) VALUES ('66', '3', 'logout', 'auth', NULL, 'User logout', NULL, NULL, '::1', 'Mozilla/5.0 (Windows NT 10.0; Win64; x64) AppleWebKit/537.36 (KHTML, like Gecko) Chrome/143.0.0.0 Safari/537.36', '2025-12-10 06:31:00');
INSERT INTO `activity_logs` (`id`, `user_id`, `action`, `module`, `record_id`, `description`, `old_data`, `new_data`, `ip_address`, `user_agent`, `created_at`) VALUES ('67', '4', 'login', 'auth', NULL, 'User auditor1 berhasil login', NULL, NULL, '::1', 'Mozilla/5.0 (Windows NT 10.0; Win64; x64) AppleWebKit/537.36 (KHTML, like Gecko) Chrome/143.0.0.0 Safari/537.36', '2025-12-10 06:31:08');
INSERT INTO `activity_logs` (`id`, `user_id`, `action`, `module`, `record_id`, `description`, `old_data`, `new_data`, `ip_address`, `user_agent`, `created_at`) VALUES ('68', '4', 'logout', 'auth', NULL, 'User logout', NULL, NULL, '::1', 'Mozilla/5.0 (Windows NT 10.0; Win64; x64) AppleWebKit/537.36 (KHTML, like Gecko) Chrome/143.0.0.0 Safari/537.36', '2025-12-10 06:31:27');
INSERT INTO `activity_logs` (`id`, `user_id`, `action`, `module`, `record_id`, `description`, `old_data`, `new_data`, `ip_address`, `user_agent`, `created_at`) VALUES ('69', '5', 'login', 'auth', NULL, 'User manajer1 berhasil login', NULL, NULL, '::1', 'Mozilla/5.0 (Windows NT 10.0; Win64; x64) AppleWebKit/537.36 (KHTML, like Gecko) Chrome/143.0.0.0 Safari/537.36', '2025-12-10 06:31:38');
INSERT INTO `activity_logs` (`id`, `user_id`, `action`, `module`, `record_id`, `description`, `old_data`, `new_data`, `ip_address`, `user_agent`, `created_at`) VALUES ('70', '5', 'logout', 'auth', NULL, 'User logout', NULL, NULL, '::1', 'Mozilla/5.0 (Windows NT 10.0; Win64; x64) AppleWebKit/537.36 (KHTML, like Gecko) Chrome/143.0.0.0 Safari/537.36', '2025-12-10 06:36:01');
INSERT INTO `activity_logs` (`id`, `user_id`, `action`, `module`, `record_id`, `description`, `old_data`, `new_data`, `ip_address`, `user_agent`, `created_at`) VALUES ('71', '1', 'login', 'auth', NULL, 'User admin berhasil login', NULL, NULL, '::1', 'Mozilla/5.0 (Linux; Android 13; SM-G981B) AppleWebKit/537.36 (KHTML, like Gecko) Chrome/143.0.0.0 Mobile Safari/537.36', '2025-12-10 06:36:23');
INSERT INTO `activity_logs` (`id`, `user_id`, `action`, `module`, `record_id`, `description`, `old_data`, `new_data`, `ip_address`, `user_agent`, `created_at`) VALUES ('72', '1', 'logout', 'auth', NULL, 'User logout', NULL, NULL, '::1', 'Mozilla/5.0 (Linux; Android 13; SM-G981B) AppleWebKit/537.36 (KHTML, like Gecko) Chrome/143.0.0.0 Mobile Safari/537.36', '2025-12-10 06:42:00');
INSERT INTO `activity_logs` (`id`, `user_id`, `action`, `module`, `record_id`, `description`, `old_data`, `new_data`, `ip_address`, `user_agent`, `created_at`) VALUES ('73', '1', 'login', 'auth', NULL, 'User admin berhasil login', NULL, NULL, '::1', 'Mozilla/5.0 (Macintosh; Intel Mac OS X 10_15_7) AppleWebKit/605.1.15 (KHTML, like Gecko) Version/18.5 Safari/605.1.15', '2025-12-10 06:43:07');
INSERT INTO `activity_logs` (`id`, `user_id`, `action`, `module`, `record_id`, `description`, `old_data`, `new_data`, `ip_address`, `user_agent`, `created_at`) VALUES ('74', '1', 'logout', 'auth', NULL, 'User logout', NULL, NULL, '::1', 'Mozilla/5.0 (Macintosh; Intel Mac OS X 10_15_7) AppleWebKit/605.1.15 (KHTML, like Gecko) Version/18.5 Safari/605.1.15', '2025-12-10 06:43:52');
INSERT INTO `activity_logs` (`id`, `user_id`, `action`, `module`, `record_id`, `description`, `old_data`, `new_data`, `ip_address`, `user_agent`, `created_at`) VALUES ('75', '1', 'login', 'auth', NULL, 'User admin berhasil login', NULL, NULL, '::1', 'Mozilla/5.0 (Macintosh; Intel Mac OS X 10_15_7) AppleWebKit/605.1.15 (KHTML, like Gecko) Version/18.5 Safari/605.1.15', '2025-12-10 06:44:01');
INSERT INTO `activity_logs` (`id`, `user_id`, `action`, `module`, `record_id`, `description`, `old_data`, `new_data`, `ip_address`, `user_agent`, `created_at`) VALUES ('76', '1', 'logout', 'auth', NULL, 'User logout', NULL, NULL, '::1', 'Mozilla/5.0 (Macintosh; Intel Mac OS X 10_15_7) AppleWebKit/605.1.15 (KHTML, like Gecko) Version/18.5 Safari/605.1.15', '2025-12-10 06:44:13');
INSERT INTO `activity_logs` (`id`, `user_id`, `action`, `module`, `record_id`, `description`, `old_data`, `new_data`, `ip_address`, `user_agent`, `created_at`) VALUES ('77', '1', 'login', 'auth', NULL, 'User admin berhasil login', NULL, NULL, '::1', 'Mozilla/5.0 (Windows NT 10.0; Win64; x64) AppleWebKit/537.36 (KHTML, like Gecko) Chrome/143.0.0.0 Safari/537.36', '2025-12-10 06:44:18');
INSERT INTO `activity_logs` (`id`, `user_id`, `action`, `module`, `record_id`, `description`, `old_data`, `new_data`, `ip_address`, `user_agent`, `created_at`) VALUES ('78', '1', 'logout', 'auth', NULL, 'User logout', NULL, NULL, '::1', 'Mozilla/5.0 (Windows NT 10.0; Win64; x64) AppleWebKit/537.36 (KHTML, like Gecko) Chrome/143.0.0.0 Safari/537.36', '2025-12-10 06:44:35');
INSERT INTO `activity_logs` (`id`, `user_id`, `action`, `module`, `record_id`, `description`, `old_data`, `new_data`, `ip_address`, `user_agent`, `created_at`) VALUES ('79', '1', 'login', 'auth', NULL, 'User admin berhasil login', NULL, NULL, '::1', 'Mozilla/5.0 (Windows NT 10.0; Win64; x64) AppleWebKit/537.36 (KHTML, like Gecko) Chrome/143.0.0.0 Safari/537.36', '2025-12-10 07:05:43');
INSERT INTO `activity_logs` (`id`, `user_id`, `action`, `module`, `record_id`, `description`, `old_data`, `new_data`, `ip_address`, `user_agent`, `created_at`) VALUES ('80', '1', 'logout', 'auth', NULL, 'User logout', NULL, NULL, '::1', 'Mozilla/5.0 (Macintosh; Intel Mac OS X 10_15_7) AppleWebKit/605.1.15 (KHTML, like Gecko) Version/18.5 Safari/605.1.15', '2025-12-10 07:06:03');
INSERT INTO `activity_logs` (`id`, `user_id`, `action`, `module`, `record_id`, `description`, `old_data`, `new_data`, `ip_address`, `user_agent`, `created_at`) VALUES ('81', '1', 'login', 'auth', NULL, 'User admin berhasil login', NULL, NULL, '::1', 'Mozilla/5.0 (Windows NT 10.0; Win64; x64) AppleWebKit/537.36 (KHTML, like Gecko) Chrome/143.0.0.0 Safari/537.36', '2025-12-10 07:33:57');
INSERT INTO `activity_logs` (`id`, `user_id`, `action`, `module`, `record_id`, `description`, `old_data`, `new_data`, `ip_address`, `user_agent`, `created_at`) VALUES ('82', '1', 'logout', 'auth', NULL, 'User logout', NULL, NULL, '::1', 'Mozilla/5.0 (Windows NT 10.0; Win64; x64) AppleWebKit/537.36 (KHTML, like Gecko) Chrome/143.0.0.0 Safari/537.36', '2025-12-10 09:52:10');
INSERT INTO `activity_logs` (`id`, `user_id`, `action`, `module`, `record_id`, `description`, `old_data`, `new_data`, `ip_address`, `user_agent`, `created_at`) VALUES ('83', '1', 'login', 'auth', NULL, 'User admin berhasil login', NULL, NULL, '::1', 'Mozilla/5.0 (Windows NT 10.0; Win64; x64) AppleWebKit/537.36 (KHTML, like Gecko) Chrome/143.0.0.0 Safari/537.36', '2025-12-11 23:51:21');
INSERT INTO `activity_logs` (`id`, `user_id`, `action`, `module`, `record_id`, `description`, `old_data`, `new_data`, `ip_address`, `user_agent`, `created_at`) VALUES ('84', '1', 'logout', 'auth', NULL, 'User logout', NULL, NULL, '::1', 'Mozilla/5.0 (Windows NT 10.0; Win64; x64) AppleWebKit/537.36 (KHTML, like Gecko) Chrome/143.0.0.0 Safari/537.36', '2025-12-11 23:53:21');
INSERT INTO `activity_logs` (`id`, `user_id`, `action`, `module`, `record_id`, `description`, `old_data`, `new_data`, `ip_address`, `user_agent`, `created_at`) VALUES ('85', '1', 'login', 'auth', NULL, 'User admin berhasil login', NULL, NULL, '::1', 'Mozilla/5.0 (iPhone; CPU iPhone OS 18_5 like Mac OS X) AppleWebKit/605.1.15 (KHTML, like Gecko) Version/18.5 Mobile/15E148 Safari/604.1', '2025-12-14 16:50:16');
INSERT INTO `activity_logs` (`id`, `user_id`, `action`, `module`, `record_id`, `description`, `old_data`, `new_data`, `ip_address`, `user_agent`, `created_at`) VALUES ('86', '1', 'logout', 'auth', NULL, 'User logout', NULL, NULL, '::1', 'Mozilla/5.0 (Windows NT 10.0; Win64; x64) AppleWebKit/537.36 (KHTML, like Gecko) Chrome/143.0.0.0 Safari/537.36', '2025-12-14 17:59:51');
INSERT INTO `activity_logs` (`id`, `user_id`, `action`, `module`, `record_id`, `description`, `old_data`, `new_data`, `ip_address`, `user_agent`, `created_at`) VALUES ('87', '1', 'login', 'auth', NULL, 'User admin berhasil login', NULL, NULL, '::1', 'Mozilla/5.0 (Windows NT 10.0; Win64; x64) AppleWebKit/537.36 (KHTML, like Gecko) Chrome/143.0.0.0 Safari/537.36', '2025-12-18 07:06:03');
INSERT INTO `activity_logs` (`id`, `user_id`, `action`, `module`, `record_id`, `description`, `old_data`, `new_data`, `ip_address`, `user_agent`, `created_at`) VALUES ('88', '1', 'logout', 'auth', NULL, 'User logout', NULL, NULL, '::1', 'Mozilla/5.0 (Windows NT 10.0; Win64; x64) AppleWebKit/537.36 (KHTML, like Gecko) Chrome/143.0.0.0 Safari/537.36', '2025-12-18 07:07:37');
INSERT INTO `activity_logs` (`id`, `user_id`, `action`, `module`, `record_id`, `description`, `old_data`, `new_data`, `ip_address`, `user_agent`, `created_at`) VALUES ('89', '2', 'login', 'auth', NULL, 'User akuntan1 berhasil login', NULL, NULL, '::1', 'Mozilla/5.0 (Windows NT 10.0; Win64; x64) AppleWebKit/537.36 (KHTML, like Gecko) Chrome/143.0.0.0 Safari/537.36', '2025-12-18 07:07:42');
INSERT INTO `activity_logs` (`id`, `user_id`, `action`, `module`, `record_id`, `description`, `old_data`, `new_data`, `ip_address`, `user_agent`, `created_at`) VALUES ('90', '1', 'login', 'auth', NULL, 'User admin berhasil login', NULL, NULL, '::1', 'Mozilla/5.0 (Windows NT 10.0; Win64; x64) AppleWebKit/537.36 (KHTML, like Gecko) Chrome/143.0.0.0 Safari/537.36', '2025-12-18 09:22:53');
INSERT INTO `activity_logs` (`id`, `user_id`, `action`, `module`, `record_id`, `description`, `old_data`, `new_data`, `ip_address`, `user_agent`, `created_at`) VALUES ('91', '1', 'login', 'auth', NULL, 'User admin berhasil login', NULL, NULL, '::1', 'Mozilla/5.0 (Windows NT 10.0; Win64; x64) AppleWebKit/537.36 (KHTML, like Gecko) Chrome/143.0.0.0 Safari/537.36', '2025-12-18 09:33:46');
INSERT INTO `activity_logs` (`id`, `user_id`, `action`, `module`, `record_id`, `description`, `old_data`, `new_data`, `ip_address`, `user_agent`, `created_at`) VALUES ('92', '1', 'create', 'accounts', '26', 'Membuat akun baru: 1-9999 - Akun Demo Docs', NULL, NULL, '::1', 'Mozilla/5.0 (Windows NT 10.0; Win64; x64) AppleWebKit/537.36 (KHTML, like Gecko) Chrome/143.0.0.0 Safari/537.36', '2025-12-18 09:34:59');
INSERT INTO `activity_logs` (`id`, `user_id`, `action`, `module`, `record_id`, `description`, `old_data`, `new_data`, `ip_address`, `user_agent`, `created_at`) VALUES ('93', '1', 'create', 'users', '6', 'Membuat user baru: staf_baru', NULL, NULL, '::1', 'Mozilla/5.0 (Windows NT 10.0; Win64; x64) AppleWebKit/537.36 (KHTML, like Gecko) Chrome/143.0.0.0 Safari/537.36', '2025-12-18 09:51:29');
INSERT INTO `activity_logs` (`id`, `user_id`, `action`, `module`, `record_id`, `description`, `old_data`, `new_data`, `ip_address`, `user_agent`, `created_at`) VALUES ('94', '1', 'create', 'cash', NULL, 'Membuat transaksi kas: Demo Transaksi', NULL, NULL, NULL, NULL, '2025-12-18 09:57:29');
INSERT INTO `activity_logs` (`id`, `user_id`, `action`, `module`, `record_id`, `description`, `old_data`, `new_data`, `ip_address`, `user_agent`, `created_at`) VALUES ('95', '5', 'login', 'auth', NULL, 'User manajer1 berhasil login', NULL, NULL, '::1', 'Mozilla/5.0 (Windows NT 10.0; Win64; x64) AppleWebKit/537.36 (KHTML, like Gecko) Chrome/143.0.0.0 Safari/537.36', '2025-12-20 04:21:26');
INSERT INTO `activity_logs` (`id`, `user_id`, `action`, `module`, `record_id`, `description`, `old_data`, `new_data`, `ip_address`, `user_agent`, `created_at`) VALUES ('96', '5', 'logout', 'auth', NULL, 'User logout', NULL, NULL, '::1', 'Mozilla/5.0 (Windows NT 10.0; Win64; x64) AppleWebKit/537.36 (KHTML, like Gecko) Chrome/143.0.0.0 Safari/537.36', '2025-12-20 04:32:11');
INSERT INTO `activity_logs` (`id`, `user_id`, `action`, `module`, `record_id`, `description`, `old_data`, `new_data`, `ip_address`, `user_agent`, `created_at`) VALUES ('97', '3', 'login', 'auth', NULL, 'User staff1 berhasil login', NULL, NULL, '::1', 'Mozilla/5.0 (Windows NT 10.0; Win64; x64) AppleWebKit/537.36 (KHTML, like Gecko) Chrome/143.0.0.0 Safari/537.36', '2025-12-20 04:32:43');
INSERT INTO `activity_logs` (`id`, `user_id`, `action`, `module`, `record_id`, `description`, `old_data`, `new_data`, `ip_address`, `user_agent`, `created_at`) VALUES ('98', '3', 'logout', 'auth', NULL, 'User logout', NULL, NULL, '::1', 'Mozilla/5.0 (Windows NT 10.0; Win64; x64) AppleWebKit/537.36 (KHTML, like Gecko) Chrome/143.0.0.0 Safari/537.36', '2025-12-20 04:33:40');
INSERT INTO `activity_logs` (`id`, `user_id`, `action`, `module`, `record_id`, `description`, `old_data`, `new_data`, `ip_address`, `user_agent`, `created_at`) VALUES ('99', '3', 'login', 'auth', NULL, 'User staff1 berhasil login', NULL, NULL, '::1', 'Mozilla/5.0 (Windows NT 10.0; Win64; x64) AppleWebKit/537.36 (KHTML, like Gecko) Chrome/143.0.0.0 Safari/537.36', '2025-12-20 04:36:02');
INSERT INTO `activity_logs` (`id`, `user_id`, `action`, `module`, `record_id`, `description`, `old_data`, `new_data`, `ip_address`, `user_agent`, `created_at`) VALUES ('100', '3', 'create', 'cash', '7', 'Membuat transaksi kas: KM-202512-0001', NULL, NULL, '::1', 'Mozilla/5.0 (Windows NT 10.0; Win64; x64) AppleWebKit/537.36 (KHTML, like Gecko) Chrome/143.0.0.0 Safari/537.36', '2025-12-20 04:37:51');
INSERT INTO `activity_logs` (`id`, `user_id`, `action`, `module`, `record_id`, `description`, `old_data`, `new_data`, `ip_address`, `user_agent`, `created_at`) VALUES ('101', '3', 'create', 'cash', '8', 'Membuat transaksi kas: KK-202512-0001', NULL, NULL, '::1', 'Mozilla/5.0 (Windows NT 10.0; Win64; x64) AppleWebKit/537.36 (KHTML, like Gecko) Chrome/143.0.0.0 Safari/537.36', '2025-12-20 04:38:34');
INSERT INTO `activity_logs` (`id`, `user_id`, `action`, `module`, `record_id`, `description`, `old_data`, `new_data`, `ip_address`, `user_agent`, `created_at`) VALUES ('102', '1', 'login', 'auth', NULL, 'User admin berhasil login', NULL, NULL, '::1', 'Mozilla/5.0 (Windows NT 10.0; Win64; x64) AppleWebKit/537.36 (KHTML, like Gecko) Chrome/143.0.0.0 Safari/537.36', '2025-12-22 19:35:48');
INSERT INTO `activity_logs` (`id`, `user_id`, `action`, `module`, `record_id`, `description`, `old_data`, `new_data`, `ip_address`, `user_agent`, `created_at`) VALUES ('103', '1', 'logout', 'auth', NULL, 'User logout', NULL, NULL, '::1', 'Mozilla/5.0 (Windows NT 10.0; Win64; x64) AppleWebKit/537.36 (KHTML, like Gecko) Chrome/143.0.0.0 Safari/537.36', '2025-12-22 19:35:54');
INSERT INTO `activity_logs` (`id`, `user_id`, `action`, `module`, `record_id`, `description`, `old_data`, `new_data`, `ip_address`, `user_agent`, `created_at`) VALUES ('104', '1', 'login', 'auth', NULL, 'User admin berhasil login', NULL, NULL, '::1', 'Mozilla/5.0 (Windows NT 10.0; Win64; x64) AppleWebKit/537.36 (KHTML, like Gecko) Chrome/143.0.0.0 Safari/537.36', '2025-12-22 19:35:57');
INSERT INTO `activity_logs` (`id`, `user_id`, `action`, `module`, `record_id`, `description`, `old_data`, `new_data`, `ip_address`, `user_agent`, `created_at`) VALUES ('105', '1', 'logout', 'auth', NULL, 'User logout', NULL, NULL, '::1', 'Mozilla/5.0 (Windows NT 10.0; Win64; x64) AppleWebKit/537.36 (KHTML, like Gecko) Chrome/143.0.0.0 Safari/537.36', '2025-12-22 19:35:59');
INSERT INTO `activity_logs` (`id`, `user_id`, `action`, `module`, `record_id`, `description`, `old_data`, `new_data`, `ip_address`, `user_agent`, `created_at`) VALUES ('106', '1', 'login', 'auth', NULL, 'User admin berhasil login', NULL, NULL, '::1', 'Mozilla/5.0 (Windows NT 10.0; Win64; x64) AppleWebKit/537.36 (KHTML, like Gecko) Chrome/143.0.0.0 Safari/537.36', '2025-12-22 19:36:03');
INSERT INTO `activity_logs` (`id`, `user_id`, `action`, `module`, `record_id`, `description`, `old_data`, `new_data`, `ip_address`, `user_agent`, `created_at`) VALUES ('107', '1', 'logout', 'auth', NULL, 'User logout', NULL, NULL, '::1', 'Mozilla/5.0 (Windows NT 10.0; Win64; x64) AppleWebKit/537.36 (KHTML, like Gecko) Chrome/143.0.0.0 Safari/537.36', '2025-12-22 19:36:07');
INSERT INTO `activity_logs` (`id`, `user_id`, `action`, `module`, `record_id`, `description`, `old_data`, `new_data`, `ip_address`, `user_agent`, `created_at`) VALUES ('108', '2', 'login', 'auth', NULL, 'User akuntan1 berhasil login', NULL, NULL, '::1', 'Mozilla/5.0 (Windows NT 10.0; Win64; x64) AppleWebKit/537.36 (KHTML, like Gecko) Chrome/143.0.0.0 Safari/537.36', '2025-12-22 19:36:12');
INSERT INTO `activity_logs` (`id`, `user_id`, `action`, `module`, `record_id`, `description`, `old_data`, `new_data`, `ip_address`, `user_agent`, `created_at`) VALUES ('109', '2', 'logout', 'auth', NULL, 'User logout', NULL, NULL, '::1', 'Mozilla/5.0 (Windows NT 10.0; Win64; x64) AppleWebKit/537.36 (KHTML, like Gecko) Chrome/143.0.0.0 Safari/537.36', '2025-12-22 19:36:13');
INSERT INTO `activity_logs` (`id`, `user_id`, `action`, `module`, `record_id`, `description`, `old_data`, `new_data`, `ip_address`, `user_agent`, `created_at`) VALUES ('110', '1', 'login', 'auth', NULL, 'User admin berhasil login', NULL, NULL, '::1', 'Mozilla/5.0 (Windows NT 10.0; Win64; x64) AppleWebKit/537.36 (KHTML, like Gecko) Chrome/143.0.0.0 Safari/537.36', '2025-12-22 19:37:12');
INSERT INTO `activity_logs` (`id`, `user_id`, `action`, `module`, `record_id`, `description`, `old_data`, `new_data`, `ip_address`, `user_agent`, `created_at`) VALUES ('111', '1', 'logout', 'auth', NULL, 'User logout', NULL, NULL, '::1', 'Mozilla/5.0 (Windows NT 10.0; Win64; x64) AppleWebKit/537.36 (KHTML, like Gecko) Chrome/143.0.0.0 Safari/537.36', '2025-12-22 19:37:48');
INSERT INTO `activity_logs` (`id`, `user_id`, `action`, `module`, `record_id`, `description`, `old_data`, `new_data`, `ip_address`, `user_agent`, `created_at`) VALUES ('112', '1', 'login', 'auth', NULL, 'User admin berhasil login', NULL, NULL, '::1', 'Mozilla/5.0 (Windows NT 10.0; Win64; x64) AppleWebKit/537.36 (KHTML, like Gecko) Chrome/143.0.0.0 Safari/537.36', '2025-12-22 19:53:26');
INSERT INTO `activity_logs` (`id`, `user_id`, `action`, `module`, `record_id`, `description`, `old_data`, `new_data`, `ip_address`, `user_agent`, `created_at`) VALUES ('113', '1', 'logout', 'auth', NULL, 'User logout', NULL, NULL, '::1', 'Mozilla/5.0 (Windows NT 10.0; Win64; x64) AppleWebKit/537.36 (KHTML, like Gecko) Chrome/143.0.0.0 Safari/537.36', '2025-12-22 19:58:24');
INSERT INTO `activity_logs` (`id`, `user_id`, `action`, `module`, `record_id`, `description`, `old_data`, `new_data`, `ip_address`, `user_agent`, `created_at`) VALUES ('114', '2', 'login', 'auth', NULL, 'User akuntan1 berhasil login', NULL, NULL, '::1', 'Mozilla/5.0 (Windows NT 10.0; Win64; x64) AppleWebKit/537.36 (KHTML, like Gecko) Chrome/143.0.0.0 Safari/537.36', '2025-12-22 19:58:29');
INSERT INTO `activity_logs` (`id`, `user_id`, `action`, `module`, `record_id`, `description`, `old_data`, `new_data`, `ip_address`, `user_agent`, `created_at`) VALUES ('115', '2', 'logout', 'auth', NULL, 'User logout', NULL, NULL, '::1', 'Mozilla/5.0 (Windows NT 10.0; Win64; x64) AppleWebKit/537.36 (KHTML, like Gecko) Chrome/143.0.0.0 Safari/537.36', '2025-12-22 20:22:27');
INSERT INTO `activity_logs` (`id`, `user_id`, `action`, `module`, `record_id`, `description`, `old_data`, `new_data`, `ip_address`, `user_agent`, `created_at`) VALUES ('116', '1', 'login', 'auth', NULL, 'User admin berhasil login', NULL, NULL, '::1', 'Mozilla/5.0 (Windows NT 10.0; Win64; x64) AppleWebKit/537.36 (KHTML, like Gecko) Chrome/143.0.0.0 Safari/537.36', '2025-12-22 20:22:31');
INSERT INTO `activity_logs` (`id`, `user_id`, `action`, `module`, `record_id`, `description`, `old_data`, `new_data`, `ip_address`, `user_agent`, `created_at`) VALUES ('117', '1', 'login', 'auth', NULL, 'User admin berhasil login', NULL, NULL, '::1', 'Mozilla/5.0 (Windows NT 10.0; Win64; x64) AppleWebKit/537.36 (KHTML, like Gecko) Chrome/143.0.0.0 Safari/537.36', '2025-12-24 00:47:59');
INSERT INTO `activity_logs` (`id`, `user_id`, `action`, `module`, `record_id`, `description`, `old_data`, `new_data`, `ip_address`, `user_agent`, `created_at`) VALUES ('118', '1', 'logout', 'auth', NULL, 'User logout', NULL, NULL, '::1', 'Mozilla/5.0 (Windows NT 10.0; Win64; x64) AppleWebKit/537.36 (KHTML, like Gecko) Chrome/143.0.0.0 Safari/537.36', '2025-12-24 00:52:36');
INSERT INTO `activity_logs` (`id`, `user_id`, `action`, `module`, `record_id`, `description`, `old_data`, `new_data`, `ip_address`, `user_agent`, `created_at`) VALUES ('119', '1', 'login', 'auth', NULL, 'User admin berhasil login', NULL, NULL, '::1', 'Mozilla/5.0 (Windows NT 10.0; Win64; x64) AppleWebKit/537.36 (KHTML, like Gecko) Chrome/143.0.0.0 Safari/537.36', '2025-12-24 00:53:10');
INSERT INTO `activity_logs` (`id`, `user_id`, `action`, `module`, `record_id`, `description`, `old_data`, `new_data`, `ip_address`, `user_agent`, `created_at`) VALUES ('120', '1', 'logout', 'auth', NULL, 'User logout', NULL, NULL, '::1', 'Mozilla/5.0 (Windows NT 10.0; Win64; x64) AppleWebKit/537.36 (KHTML, like Gecko) Chrome/143.0.0.0 Safari/537.36', '2025-12-24 01:05:41');
INSERT INTO `activity_logs` (`id`, `user_id`, `action`, `module`, `record_id`, `description`, `old_data`, `new_data`, `ip_address`, `user_agent`, `created_at`) VALUES ('121', '1', 'login', 'auth', NULL, 'User admin berhasil login', NULL, NULL, '::1', 'Mozilla/5.0 (Windows NT 10.0; Win64; x64) AppleWebKit/537.36 (KHTML, like Gecko) Chrome/143.0.0.0 Safari/537.36', '2025-12-24 01:05:54');
INSERT INTO `activity_logs` (`id`, `user_id`, `action`, `module`, `record_id`, `description`, `old_data`, `new_data`, `ip_address`, `user_agent`, `created_at`) VALUES ('122', '1', 'logout', 'auth', NULL, 'User logout', NULL, NULL, '::1', 'Mozilla/5.0 (Windows NT 10.0; Win64; x64) AppleWebKit/537.36 (KHTML, like Gecko) Chrome/143.0.0.0 Safari/537.36', '2025-12-24 01:11:18');
INSERT INTO `activity_logs` (`id`, `user_id`, `action`, `module`, `record_id`, `description`, `old_data`, `new_data`, `ip_address`, `user_agent`, `created_at`) VALUES ('123', '5', 'login', 'auth', NULL, 'User manajer1 berhasil login', NULL, NULL, '::1', 'Mozilla/5.0 (Windows NT 10.0; Win64; x64) AppleWebKit/537.36 (KHTML, like Gecko) Chrome/143.0.0.0 Safari/537.36', '2025-12-24 01:11:25');
INSERT INTO `activity_logs` (`id`, `user_id`, `action`, `module`, `record_id`, `description`, `old_data`, `new_data`, `ip_address`, `user_agent`, `created_at`) VALUES ('124', '5', 'logout', 'auth', NULL, 'User logout', NULL, NULL, '::1', 'Mozilla/5.0 (Windows NT 10.0; Win64; x64) AppleWebKit/537.36 (KHTML, like Gecko) Chrome/143.0.0.0 Safari/537.36', '2025-12-24 01:11:41');
INSERT INTO `activity_logs` (`id`, `user_id`, `action`, `module`, `record_id`, `description`, `old_data`, `new_data`, `ip_address`, `user_agent`, `created_at`) VALUES ('125', '3', 'login', 'auth', NULL, 'User staff1 berhasil login', NULL, NULL, '::1', 'Mozilla/5.0 (Windows NT 10.0; Win64; x64) AppleWebKit/537.36 (KHTML, like Gecko) Chrome/143.0.0.0 Safari/537.36', '2025-12-24 01:11:45');
INSERT INTO `activity_logs` (`id`, `user_id`, `action`, `module`, `record_id`, `description`, `old_data`, `new_data`, `ip_address`, `user_agent`, `created_at`) VALUES ('126', '3', 'logout', 'auth', NULL, 'User logout', NULL, NULL, '::1', 'Mozilla/5.0 (Windows NT 10.0; Win64; x64) AppleWebKit/537.36 (KHTML, like Gecko) Chrome/143.0.0.0 Safari/537.36', '2025-12-24 01:13:02');
INSERT INTO `activity_logs` (`id`, `user_id`, `action`, `module`, `record_id`, `description`, `old_data`, `new_data`, `ip_address`, `user_agent`, `created_at`) VALUES ('127', '1', 'login', 'auth', NULL, 'User admin berhasil login', NULL, NULL, '::1', 'Mozilla/5.0 (Windows NT 10.0; Win64; x64) AppleWebKit/537.36 (KHTML, like Gecko) Chrome/143.0.0.0 Safari/537.36', '2025-12-24 01:13:07');
INSERT INTO `activity_logs` (`id`, `user_id`, `action`, `module`, `record_id`, `description`, `old_data`, `new_data`, `ip_address`, `user_agent`, `created_at`) VALUES ('128', '1', 'logout', 'auth', NULL, 'User logout', NULL, NULL, '::1', 'Mozilla/5.0 (Windows NT 10.0; Win64; x64) AppleWebKit/537.36 (KHTML, like Gecko) Chrome/143.0.0.0 Safari/537.36', '2025-12-24 01:13:10');
INSERT INTO `activity_logs` (`id`, `user_id`, `action`, `module`, `record_id`, `description`, `old_data`, `new_data`, `ip_address`, `user_agent`, `created_at`) VALUES ('129', '2', 'login', 'auth', NULL, 'User akuntan1 berhasil login', NULL, NULL, '::1', 'Mozilla/5.0 (Windows NT 10.0; Win64; x64) AppleWebKit/537.36 (KHTML, like Gecko) Chrome/143.0.0.0 Safari/537.36', '2025-12-24 18:22:30');
INSERT INTO `activity_logs` (`id`, `user_id`, `action`, `module`, `record_id`, `description`, `old_data`, `new_data`, `ip_address`, `user_agent`, `created_at`) VALUES ('130', '2', 'delete', 'accounts', '26', 'Menghapus akun: 1-9999 - Akun Demo Docs', '{\"id\":26,\"code\":\"1-9999\",\"name\":\"Akun Demo Docs\",\"category_id\":1,\"opening_balance\":\"0.00\",\"current_balance\":\"0.00\",\"is_active\":1,\"description\":\"\",\"created_at\":\"2025-12-18 09:34:59\",\"updated_at\":\"2025-12-18 09:34:59\"}', NULL, '::1', 'Mozilla/5.0 (Windows NT 10.0; Win64; x64) AppleWebKit/537.36 (KHTML, like Gecko) Chrome/143.0.0.0 Safari/537.36', '2025-12-24 18:24:39');
INSERT INTO `activity_logs` (`id`, `user_id`, `action`, `module`, `record_id`, `description`, `old_data`, `new_data`, `ip_address`, `user_agent`, `created_at`) VALUES ('131', '2', 'logout', 'auth', NULL, 'User logout', NULL, NULL, '::1', 'Mozilla/5.0 (Windows NT 10.0; Win64; x64) AppleWebKit/537.36 (KHTML, like Gecko) Chrome/143.0.0.0 Safari/537.36', '2025-12-24 18:28:40');
INSERT INTO `activity_logs` (`id`, `user_id`, `action`, `module`, `record_id`, `description`, `old_data`, `new_data`, `ip_address`, `user_agent`, `created_at`) VALUES ('132', '3', 'login', 'auth', NULL, 'User staff1 berhasil login', NULL, NULL, '::1', 'Mozilla/5.0 (Windows NT 10.0; Win64; x64) AppleWebKit/537.36 (KHTML, like Gecko) Chrome/143.0.0.0 Safari/537.36', '2025-12-24 18:28:48');
INSERT INTO `activity_logs` (`id`, `user_id`, `action`, `module`, `record_id`, `description`, `old_data`, `new_data`, `ip_address`, `user_agent`, `created_at`) VALUES ('133', '3', 'logout', 'auth', NULL, 'User logout', NULL, NULL, '::1', 'Mozilla/5.0 (Windows NT 10.0; Win64; x64) AppleWebKit/537.36 (KHTML, like Gecko) Chrome/143.0.0.0 Safari/537.36', '2025-12-24 18:32:28');
INSERT INTO `activity_logs` (`id`, `user_id`, `action`, `module`, `record_id`, `description`, `old_data`, `new_data`, `ip_address`, `user_agent`, `created_at`) VALUES ('134', '1', 'login', 'auth', NULL, 'User admin berhasil login', NULL, NULL, '::1', 'Mozilla/5.0 (Windows NT 10.0; Win64; x64) AppleWebKit/537.36 (KHTML, like Gecko) Chrome/143.0.0.0 Safari/537.36', '2025-12-24 18:32:33');
INSERT INTO `activity_logs` (`id`, `user_id`, `action`, `module`, `record_id`, `description`, `old_data`, `new_data`, `ip_address`, `user_agent`, `created_at`) VALUES ('135', '1', 'logout', 'auth', NULL, 'User logout', NULL, NULL, '::1', 'Mozilla/5.0 (Windows NT 10.0; Win64; x64) AppleWebKit/537.36 (KHTML, like Gecko) Chrome/143.0.0.0 Safari/537.36', '2025-12-24 18:32:53');
INSERT INTO `activity_logs` (`id`, `user_id`, `action`, `module`, `record_id`, `description`, `old_data`, `new_data`, `ip_address`, `user_agent`, `created_at`) VALUES ('136', '2', 'login', 'auth', NULL, 'User akuntan1 berhasil login', NULL, NULL, '::1', 'Mozilla/5.0 (Windows NT 10.0; Win64; x64) AppleWebKit/537.36 (KHTML, like Gecko) Chrome/143.0.0.0 Safari/537.36', '2025-12-24 18:32:58');
INSERT INTO `activity_logs` (`id`, `user_id`, `action`, `module`, `record_id`, `description`, `old_data`, `new_data`, `ip_address`, `user_agent`, `created_at`) VALUES ('137', '2', 'logout', 'auth', NULL, 'User logout', NULL, NULL, '::1', 'Mozilla/5.0 (Windows NT 10.0; Win64; x64) AppleWebKit/537.36 (KHTML, like Gecko) Chrome/143.0.0.0 Safari/537.36', '2025-12-24 18:36:59');
INSERT INTO `activity_logs` (`id`, `user_id`, `action`, `module`, `record_id`, `description`, `old_data`, `new_data`, `ip_address`, `user_agent`, `created_at`) VALUES ('138', '3', 'login', 'auth', NULL, 'User staff1 berhasil login', NULL, NULL, '::1', 'Mozilla/5.0 (Windows NT 10.0; Win64; x64) AppleWebKit/537.36 (KHTML, like Gecko) Chrome/143.0.0.0 Safari/537.36', '2025-12-24 18:37:34');
INSERT INTO `activity_logs` (`id`, `user_id`, `action`, `module`, `record_id`, `description`, `old_data`, `new_data`, `ip_address`, `user_agent`, `created_at`) VALUES ('139', '3', 'logout', 'auth', NULL, 'User logout', NULL, NULL, '::1', 'Mozilla/5.0 (Windows NT 10.0; Win64; x64) AppleWebKit/537.36 (KHTML, like Gecko) Chrome/143.0.0.0 Safari/537.36', '2025-12-24 18:37:53');
INSERT INTO `activity_logs` (`id`, `user_id`, `action`, `module`, `record_id`, `description`, `old_data`, `new_data`, `ip_address`, `user_agent`, `created_at`) VALUES ('140', '1', 'login', 'auth', NULL, 'User admin berhasil login', NULL, NULL, '::1', 'Mozilla/5.0 (Windows NT 10.0; Win64; x64) AppleWebKit/537.36 (KHTML, like Gecko) Chrome/143.0.0.0 Safari/537.36', '2025-12-24 18:38:01');
INSERT INTO `activity_logs` (`id`, `user_id`, `action`, `module`, `record_id`, `description`, `old_data`, `new_data`, `ip_address`, `user_agent`, `created_at`) VALUES ('141', '1', 'logout', 'auth', NULL, 'User logout', NULL, NULL, '::1', 'Mozilla/5.0 (Windows NT 10.0; Win64; x64) AppleWebKit/537.36 (KHTML, like Gecko) Chrome/143.0.0.0 Safari/537.36', '2025-12-24 18:38:05');
INSERT INTO `activity_logs` (`id`, `user_id`, `action`, `module`, `record_id`, `description`, `old_data`, `new_data`, `ip_address`, `user_agent`, `created_at`) VALUES ('142', '2', 'login', 'auth', NULL, 'User akuntan1 berhasil login', NULL, NULL, '::1', 'Mozilla/5.0 (Windows NT 10.0; Win64; x64) AppleWebKit/537.36 (KHTML, like Gecko) Chrome/143.0.0.0 Safari/537.36', '2025-12-24 18:38:11');
INSERT INTO `activity_logs` (`id`, `user_id`, `action`, `module`, `record_id`, `description`, `old_data`, `new_data`, `ip_address`, `user_agent`, `created_at`) VALUES ('143', '2', 'logout', 'auth', NULL, 'User logout', NULL, NULL, '::1', 'Mozilla/5.0 (Windows NT 10.0; Win64; x64) AppleWebKit/537.36 (KHTML, like Gecko) Chrome/143.0.0.0 Safari/537.36', '2025-12-24 18:38:28');
INSERT INTO `activity_logs` (`id`, `user_id`, `action`, `module`, `record_id`, `description`, `old_data`, `new_data`, `ip_address`, `user_agent`, `created_at`) VALUES ('144', '3', 'login', 'auth', NULL, 'User staff1 berhasil login', NULL, NULL, '::1', 'Mozilla/5.0 (Windows NT 10.0; Win64; x64) AppleWebKit/537.36 (KHTML, like Gecko) Chrome/143.0.0.0 Safari/537.36', '2025-12-24 18:38:37');
INSERT INTO `activity_logs` (`id`, `user_id`, `action`, `module`, `record_id`, `description`, `old_data`, `new_data`, `ip_address`, `user_agent`, `created_at`) VALUES ('145', '3', 'logout', 'auth', NULL, 'User logout', NULL, NULL, '::1', 'Mozilla/5.0 (Windows NT 10.0; Win64; x64) AppleWebKit/537.36 (KHTML, like Gecko) Chrome/143.0.0.0 Safari/537.36', '2025-12-24 18:38:41');
INSERT INTO `activity_logs` (`id`, `user_id`, `action`, `module`, `record_id`, `description`, `old_data`, `new_data`, `ip_address`, `user_agent`, `created_at`) VALUES ('146', '5', 'login', 'auth', NULL, 'User manajer1 berhasil login', NULL, NULL, '::1', 'Mozilla/5.0 (Windows NT 10.0; Win64; x64) AppleWebKit/537.36 (KHTML, like Gecko) Chrome/143.0.0.0 Safari/537.36', '2025-12-24 18:38:47');
INSERT INTO `activity_logs` (`id`, `user_id`, `action`, `module`, `record_id`, `description`, `old_data`, `new_data`, `ip_address`, `user_agent`, `created_at`) VALUES ('147', '5', 'logout', 'auth', NULL, 'User logout', NULL, NULL, '::1', 'Mozilla/5.0 (Windows NT 10.0; Win64; x64) AppleWebKit/537.36 (KHTML, like Gecko) Chrome/143.0.0.0 Safari/537.36', '2025-12-24 18:39:19');
INSERT INTO `activity_logs` (`id`, `user_id`, `action`, `module`, `record_id`, `description`, `old_data`, `new_data`, `ip_address`, `user_agent`, `created_at`) VALUES ('148', '4', 'login', 'auth', NULL, 'User auditor1 berhasil login', NULL, NULL, '::1', 'Mozilla/5.0 (Windows NT 10.0; Win64; x64) AppleWebKit/537.36 (KHTML, like Gecko) Chrome/143.0.0.0 Safari/537.36', '2025-12-24 18:39:27');
INSERT INTO `activity_logs` (`id`, `user_id`, `action`, `module`, `record_id`, `description`, `old_data`, `new_data`, `ip_address`, `user_agent`, `created_at`) VALUES ('149', '4', 'logout', 'auth', NULL, 'User logout', NULL, NULL, '::1', 'Mozilla/5.0 (Windows NT 10.0; Win64; x64) AppleWebKit/537.36 (KHTML, like Gecko) Chrome/143.0.0.0 Safari/537.36', '2025-12-24 18:39:33');
INSERT INTO `activity_logs` (`id`, `user_id`, `action`, `module`, `record_id`, `description`, `old_data`, `new_data`, `ip_address`, `user_agent`, `created_at`) VALUES ('150', '1', 'login', 'auth', NULL, 'User admin berhasil login', NULL, NULL, '::1', 'Mozilla/5.0 (Windows NT 10.0; Win64; x64) AppleWebKit/537.36 (KHTML, like Gecko) Chrome/143.0.0.0 Safari/537.36', '2025-12-24 18:39:53');
INSERT INTO `activity_logs` (`id`, `user_id`, `action`, `module`, `record_id`, `description`, `old_data`, `new_data`, `ip_address`, `user_agent`, `created_at`) VALUES ('151', '1', 'delete', 'users', '0', 'Menghapus user: ', NULL, NULL, '::1', 'Mozilla/5.0 (Windows NT 10.0; Win64; x64) AppleWebKit/537.36 (KHTML, like Gecko) Chrome/143.0.0.0 Safari/537.36', '2025-12-24 18:43:28');
INSERT INTO `activity_logs` (`id`, `user_id`, `action`, `module`, `record_id`, `description`, `old_data`, `new_data`, `ip_address`, `user_agent`, `created_at`) VALUES ('152', '1', 'delete', 'users', '0', 'Menghapus user: ', NULL, NULL, '::1', 'Mozilla/5.0 (Windows NT 10.0; Win64; x64) AppleWebKit/537.36 (KHTML, like Gecko) Chrome/143.0.0.0 Safari/537.36', '2025-12-24 18:43:50');
INSERT INTO `activity_logs` (`id`, `user_id`, `action`, `module`, `record_id`, `description`, `old_data`, `new_data`, `ip_address`, `user_agent`, `created_at`) VALUES ('153', '1', 'logout', 'auth', NULL, 'User logout', NULL, NULL, '::1', 'Mozilla/5.0 (Windows NT 10.0; Win64; x64) AppleWebKit/537.36 (KHTML, like Gecko) Chrome/143.0.0.0 Safari/537.36', '2025-12-24 18:44:59');
INSERT INTO `activity_logs` (`id`, `user_id`, `action`, `module`, `record_id`, `description`, `old_data`, `new_data`, `ip_address`, `user_agent`, `created_at`) VALUES ('154', '2', 'login', 'auth', NULL, 'User akuntan1 berhasil login', NULL, NULL, '::1', 'Mozilla/5.0 (Windows NT 10.0; Win64; x64) AppleWebKit/537.36 (KHTML, like Gecko) Chrome/143.0.0.0 Safari/537.36', '2025-12-24 18:45:06');
INSERT INTO `activity_logs` (`id`, `user_id`, `action`, `module`, `record_id`, `description`, `old_data`, `new_data`, `ip_address`, `user_agent`, `created_at`) VALUES ('155', '2', 'create', 'accounts', '27', 'Membuat akun baru: 1-1010 - Kas Sedang', NULL, NULL, '::1', 'Mozilla/5.0 (Windows NT 10.0; Win64; x64) AppleWebKit/537.36 (KHTML, like Gecko) Chrome/143.0.0.0 Safari/537.36', '2025-12-24 18:46:34');
INSERT INTO `activity_logs` (`id`, `user_id`, `action`, `module`, `record_id`, `description`, `old_data`, `new_data`, `ip_address`, `user_agent`, `created_at`) VALUES ('156', '2', 'update', 'accounts', '27', 'Mengupdate akun: 1-1010 - Kas Sedang', '{\"id\":27,\"code\":\"1-1010\",\"name\":\"Kas Sedang\",\"category_id\":1,\"opening_balance\":\"1000000.00\",\"current_balance\":\"1000000.00\",\"is_active\":1,\"description\":\"Kas Sedang\",\"created_at\":\"2025-12-24 18:46:34\",\"updated_at\":\"2025-12-24 18:46:34\"}', '{\"code\":\"1-1010\",\"name\":\"Kas Sedang\",\"category_id\":\"1\",\"opening_balance\":\"100.000\",\"description\":\"Kas Sedang\",\"is_active\":\"1\"}', '::1', 'Mozilla/5.0 (Windows NT 10.0; Win64; x64) AppleWebKit/537.36 (KHTML, like Gecko) Chrome/143.0.0.0 Safari/537.36', '2025-12-24 18:47:15');
INSERT INTO `activity_logs` (`id`, `user_id`, `action`, `module`, `record_id`, `description`, `old_data`, `new_data`, `ip_address`, `user_agent`, `created_at`) VALUES ('157', '2', 'logout', 'auth', NULL, 'User logout', NULL, NULL, '::1', 'Mozilla/5.0 (Windows NT 10.0; Win64; x64) AppleWebKit/537.36 (KHTML, like Gecko) Chrome/143.0.0.0 Safari/537.36', '2025-12-24 18:51:37');
INSERT INTO `activity_logs` (`id`, `user_id`, `action`, `module`, `record_id`, `description`, `old_data`, `new_data`, `ip_address`, `user_agent`, `created_at`) VALUES ('158', '5', 'login', 'auth', NULL, 'User manajer1 berhasil login', NULL, NULL, '::1', 'Mozilla/5.0 (Windows NT 10.0; Win64; x64) AppleWebKit/537.36 (KHTML, like Gecko) Chrome/143.0.0.0 Safari/537.36', '2025-12-24 18:51:47');
INSERT INTO `activity_logs` (`id`, `user_id`, `action`, `module`, `record_id`, `description`, `old_data`, `new_data`, `ip_address`, `user_agent`, `created_at`) VALUES ('159', '5', 'logout', 'auth', NULL, 'User logout', NULL, NULL, '::1', 'Mozilla/5.0 (Windows NT 10.0; Win64; x64) AppleWebKit/537.36 (KHTML, like Gecko) Chrome/143.0.0.0 Safari/537.36', '2025-12-24 18:55:05');
INSERT INTO `activity_logs` (`id`, `user_id`, `action`, `module`, `record_id`, `description`, `old_data`, `new_data`, `ip_address`, `user_agent`, `created_at`) VALUES ('160', '4', 'login', 'auth', NULL, 'User auditor1 berhasil login', NULL, NULL, '::1', 'Mozilla/5.0 (Windows NT 10.0; Win64; x64) AppleWebKit/537.36 (KHTML, like Gecko) Chrome/143.0.0.0 Safari/537.36', '2025-12-24 18:55:20');
INSERT INTO `activity_logs` (`id`, `user_id`, `action`, `module`, `record_id`, `description`, `old_data`, `new_data`, `ip_address`, `user_agent`, `created_at`) VALUES ('161', '4', 'logout', 'auth', NULL, 'User logout', NULL, NULL, '::1', 'Mozilla/5.0 (Windows NT 10.0; Win64; x64) AppleWebKit/537.36 (KHTML, like Gecko) Chrome/143.0.0.0 Safari/537.36', '2025-12-24 18:59:22');
INSERT INTO `activity_logs` (`id`, `user_id`, `action`, `module`, `record_id`, `description`, `old_data`, `new_data`, `ip_address`, `user_agent`, `created_at`) VALUES ('162', '1', 'login', 'auth', NULL, 'User admin berhasil login', NULL, NULL, '::1', 'Mozilla/5.0 (Windows NT 10.0; Win64; x64) AppleWebKit/537.36 (KHTML, like Gecko) Chrome/143.0.0.0 Safari/537.36', '2025-12-24 19:06:04');
INSERT INTO `activity_logs` (`id`, `user_id`, `action`, `module`, `record_id`, `description`, `old_data`, `new_data`, `ip_address`, `user_agent`, `created_at`) VALUES ('163', '1', 'delete', 'users', '6', 'Menghapus user: staf_baru', '{\"id\":6,\"username\":\"staf_baru\",\"email\":\"staf2@finacore.com\",\"password\":\"$2y$10$5TqWx7k7WCHFBx6e7q3k8.TPs71hnQZWEQZSqD9vk5cyUy9f6GKT6\",\"full_name\":\"Staf Keuangan 2\",\"role_id\":3,\"status\":\"active\",\"last_login\":null,\"created_at\":\"2025-12-18 09:51:29\",\"updated_at\":\"2025-12-18 09:51:29\",\"role_name\":\"Staff Keuangan\"}', NULL, '::1', 'Mozilla/5.0 (Windows NT 10.0; Win64; x64) AppleWebKit/537.36 (KHTML, like Gecko) Chrome/143.0.0.0 Safari/537.36', '2025-12-24 19:06:10');
INSERT INTO `activity_logs` (`id`, `user_id`, `action`, `module`, `record_id`, `description`, `old_data`, `new_data`, `ip_address`, `user_agent`, `created_at`) VALUES ('164', '1', 'create', 'users', '7', 'Membuat user baru: akuntan2', NULL, NULL, '::1', 'Mozilla/5.0 (Windows NT 10.0; Win64; x64) AppleWebKit/537.36 (KHTML, like Gecko) Chrome/143.0.0.0 Safari/537.36', '2025-12-24 19:06:45');
INSERT INTO `activity_logs` (`id`, `user_id`, `action`, `module`, `record_id`, `description`, `old_data`, `new_data`, `ip_address`, `user_agent`, `created_at`) VALUES ('165', '1', 'delete', 'users', '7', 'Menghapus user: akuntan2', '{\"id\":7,\"username\":\"akuntan2\",\"email\":\"akuntan2@gmail.com\",\"password\":\"$2y$10$fEmUu8pi4wMKlodDSpZsT.LUSX1JjFv0hqWQ2JQK2DPw181ZbONuG\",\"full_name\":\"siti rahayu\",\"role_id\":2,\"status\":\"active\",\"last_login\":null,\"created_at\":\"2025-12-24 19:06:45\",\"updated_at\":\"2025-12-24 19:06:45\",\"role_name\":\"Akuntan\"}', NULL, '::1', 'Mozilla/5.0 (Windows NT 10.0; Win64; x64) AppleWebKit/537.36 (KHTML, like Gecko) Chrome/143.0.0.0 Safari/537.36', '2025-12-24 19:06:57');
INSERT INTO `activity_logs` (`id`, `user_id`, `action`, `module`, `record_id`, `description`, `old_data`, `new_data`, `ip_address`, `user_agent`, `created_at`) VALUES ('166', '1', 'create', 'users', '8', 'Membuat user baru: akuntan2', NULL, NULL, '::1', 'Mozilla/5.0 (Windows NT 10.0; Win64; x64) AppleWebKit/537.36 (KHTML, like Gecko) Chrome/143.0.0.0 Safari/537.36', '2025-12-24 19:08:25');
INSERT INTO `activity_logs` (`id`, `user_id`, `action`, `module`, `record_id`, `description`, `old_data`, `new_data`, `ip_address`, `user_agent`, `created_at`) VALUES ('167', '1', 'delete', 'users', '8', 'Menghapus user: akuntan2', '{\"id\":8,\"username\":\"akuntan2\",\"email\":\"akuntan2@gmail.com\",\"password\":\"$2y$10$hBub0OQnNDteND4OtML.DeiC3yntKSxD3mk7rmhR56n3YR5E\\/WiFW\",\"full_name\":\"siti rahayu\",\"role_id\":2,\"status\":\"active\",\"last_login\":null,\"created_at\":\"2025-12-24 19:08:25\",\"updated_at\":\"2025-12-24 19:08:25\",\"role_name\":\"Akuntan\"}', NULL, '::1', 'Mozilla/5.0 (Windows NT 10.0; Win64; x64) AppleWebKit/537.36 (KHTML, like Gecko) Chrome/143.0.0.0 Safari/537.36', '2025-12-24 19:09:32');
INSERT INTO `activity_logs` (`id`, `user_id`, `action`, `module`, `record_id`, `description`, `old_data`, `new_data`, `ip_address`, `user_agent`, `created_at`) VALUES ('168', '1', 'create', 'users', '9', 'Membuat user baru: akuntan2', NULL, NULL, '::1', 'Mozilla/5.0 (Windows NT 10.0; Win64; x64) AppleWebKit/537.36 (KHTML, like Gecko) Chrome/143.0.0.0 Safari/537.36', '2025-12-24 19:19:33');
INSERT INTO `activity_logs` (`id`, `user_id`, `action`, `module`, `record_id`, `description`, `old_data`, `new_data`, `ip_address`, `user_agent`, `created_at`) VALUES ('169', '1', 'delete', 'users', '9', 'Menghapus user: akuntan2', '{\"id\":9,\"username\":\"akuntan2\",\"email\":\"akuntan2@gmail.com\",\"password\":\"$2y$10$ObjBLXGl\\/9lJR\\/WHR4ype.\\/dojr9Qi9b1gSz6vlj0a9nKx68.3ulO\",\"full_name\":\"Siti Rahayu\",\"role_id\":1,\"status\":\"active\",\"last_login\":null,\"created_at\":\"2025-12-24 19:19:33\",\"updated_at\":\"2025-12-24 19:19:33\",\"role_name\":\"Admin\"}', NULL, '::1', 'Mozilla/5.0 (Windows NT 10.0; Win64; x64) AppleWebKit/537.36 (KHTML, like Gecko) Chrome/143.0.0.0 Safari/537.36', '2025-12-24 19:19:41');
INSERT INTO `activity_logs` (`id`, `user_id`, `action`, `module`, `record_id`, `description`, `old_data`, `new_data`, `ip_address`, `user_agent`, `created_at`) VALUES ('170', '1', 'logout', 'auth', NULL, 'User logout', NULL, NULL, '::1', 'Mozilla/5.0 (Windows NT 10.0; Win64; x64) AppleWebKit/537.36 (KHTML, like Gecko) Chrome/143.0.0.0 Safari/537.36', '2025-12-24 19:20:04');
INSERT INTO `activity_logs` (`id`, `user_id`, `action`, `module`, `record_id`, `description`, `old_data`, `new_data`, `ip_address`, `user_agent`, `created_at`) VALUES ('171', '2', 'login', 'auth', NULL, 'User akuntan1 berhasil login', NULL, NULL, '::1', 'Mozilla/5.0 (Windows NT 10.0; Win64; x64) AppleWebKit/537.36 (KHTML, like Gecko) Chrome/143.0.0.0 Safari/537.36', '2025-12-24 19:20:21');
INSERT INTO `activity_logs` (`id`, `user_id`, `action`, `module`, `record_id`, `description`, `old_data`, `new_data`, `ip_address`, `user_agent`, `created_at`) VALUES ('172', '1', 'login', 'auth', NULL, 'User admin berhasil login', NULL, NULL, '::1', 'Mozilla/5.0 (Windows NT 10.0; Win64; x64) AppleWebKit/537.36 (KHTML, like Gecko) Chrome/143.0.0.0 Safari/537.36', '2025-12-24 19:41:24');
INSERT INTO `activity_logs` (`id`, `user_id`, `action`, `module`, `record_id`, `description`, `old_data`, `new_data`, `ip_address`, `user_agent`, `created_at`) VALUES ('173', '1', 'login', 'auth', NULL, 'User admin berhasil login', NULL, NULL, '::1', 'Mozilla/5.0 (Windows NT 10.0; Win64; x64) AppleWebKit/537.36 (KHTML, like Gecko) Chrome/143.0.0.0 Safari/537.36', '2025-12-24 20:29:32');
INSERT INTO `activity_logs` (`id`, `user_id`, `action`, `module`, `record_id`, `description`, `old_data`, `new_data`, `ip_address`, `user_agent`, `created_at`) VALUES ('174', '1', 'login', 'auth', NULL, 'User admin berhasil login', NULL, NULL, '::1', 'Mozilla/5.0 (Windows NT 10.0; Win64; x64) AppleWebKit/537.36 (KHTML, like Gecko) Chrome/143.0.0.0 Safari/537.36', '2025-12-24 20:50:12');
INSERT INTO `activity_logs` (`id`, `user_id`, `action`, `module`, `record_id`, `description`, `old_data`, `new_data`, `ip_address`, `user_agent`, `created_at`) VALUES ('175', '2', 'logout', 'auth', NULL, 'User logout', NULL, NULL, '::1', 'Mozilla/5.0 (Windows NT 10.0; Win64; x64) AppleWebKit/537.36 (KHTML, like Gecko) Chrome/143.0.0.0 Safari/537.36', '2025-12-24 21:01:20');
INSERT INTO `activity_logs` (`id`, `user_id`, `action`, `module`, `record_id`, `description`, `old_data`, `new_data`, `ip_address`, `user_agent`, `created_at`) VALUES ('176', '1', 'login', 'auth', NULL, 'User admin berhasil login', NULL, NULL, '::1', 'Mozilla/5.0 (Windows NT 10.0; Win64; x64) AppleWebKit/537.36 (KHTML, like Gecko) Chrome/143.0.0.0 Safari/537.36', '2025-12-24 21:17:09');
INSERT INTO `activity_logs` (`id`, `user_id`, `action`, `module`, `record_id`, `description`, `old_data`, `new_data`, `ip_address`, `user_agent`, `created_at`) VALUES ('177', '1', 'login', 'auth', NULL, 'User admin berhasil login', NULL, NULL, '::1', 'Mozilla/5.0 (Windows NT 10.0; Win64; x64) AppleWebKit/537.36 (KHTML, like Gecko) Chrome/143.0.0.0 Safari/537.36', '2025-12-24 21:22:29');
INSERT INTO `activity_logs` (`id`, `user_id`, `action`, `module`, `record_id`, `description`, `old_data`, `new_data`, `ip_address`, `user_agent`, `created_at`) VALUES ('178', '1', 'login', 'auth', NULL, 'User admin berhasil login', NULL, NULL, '::1', 'Mozilla/5.0 (Windows NT 10.0; Win64; x64) AppleWebKit/537.36 (KHTML, like Gecko) Chrome/143.0.0.0 Safari/537.36', '2025-12-24 21:46:30');
INSERT INTO `activity_logs` (`id`, `user_id`, `action`, `module`, `record_id`, `description`, `old_data`, `new_data`, `ip_address`, `user_agent`, `created_at`) VALUES ('179', '1', 'login', 'auth', NULL, 'User admin berhasil login', NULL, NULL, '::1', 'Mozilla/5.0 (Windows NT 10.0; Win64; x64) AppleWebKit/537.36 (KHTML, like Gecko) Chrome/143.0.0.0 Safari/537.36', '2025-12-24 21:58:27');
INSERT INTO `activity_logs` (`id`, `user_id`, `action`, `module`, `record_id`, `description`, `old_data`, `new_data`, `ip_address`, `user_agent`, `created_at`) VALUES ('180', '1', 'create', 'journal', '6', 'Membuat jurnal baru: JU-202512-0001', NULL, NULL, '::1', 'Mozilla/5.0 (Windows NT 10.0; Win64; x64) AppleWebKit/537.36 (KHTML, like Gecko) Chrome/143.0.0.0 Safari/537.36', '2025-12-24 22:18:35');
INSERT INTO `activity_logs` (`id`, `user_id`, `action`, `module`, `record_id`, `description`, `old_data`, `new_data`, `ip_address`, `user_agent`, `created_at`) VALUES ('181', '1', 'approve', 'journal', '6', 'Menyetujui jurnal: JU-202512-0001', NULL, NULL, '::1', 'Mozilla/5.0 (Windows NT 10.0; Win64; x64) AppleWebKit/537.36 (KHTML, like Gecko) Chrome/143.0.0.0 Safari/537.36', '2025-12-24 22:20:08');
INSERT INTO `activity_logs` (`id`, `user_id`, `action`, `module`, `record_id`, `description`, `old_data`, `new_data`, `ip_address`, `user_agent`, `created_at`) VALUES ('182', '1', 'logout', 'auth', NULL, 'User logout', NULL, NULL, '::1', 'Mozilla/5.0 (Windows NT 10.0; Win64; x64) AppleWebKit/537.36 (KHTML, like Gecko) Chrome/143.0.0.0 Safari/537.36', '2025-12-25 06:26:06');
INSERT INTO `activity_logs` (`id`, `user_id`, `action`, `module`, `record_id`, `description`, `old_data`, `new_data`, `ip_address`, `user_agent`, `created_at`) VALUES ('183', '1', 'login', 'auth', NULL, 'User admin berhasil login', NULL, NULL, '::1', 'Mozilla/5.0 (iPhone; CPU iPhone OS 18_5 like Mac OS X) AppleWebKit/605.1.15 (KHTML, like Gecko) Version/18.5 Mobile/15E148 Safari/604.1', '2025-12-25 06:30:49');
INSERT INTO `activity_logs` (`id`, `user_id`, `action`, `module`, `record_id`, `description`, `old_data`, `new_data`, `ip_address`, `user_agent`, `created_at`) VALUES ('184', '1', 'logout', 'auth', NULL, 'User logout', NULL, NULL, '::1', 'Mozilla/5.0 (iPhone; CPU iPhone OS 18_5 like Mac OS X) AppleWebKit/605.1.15 (KHTML, like Gecko) Version/18.5 Mobile/15E148 Safari/604.1', '2025-12-25 06:31:18');
INSERT INTO `activity_logs` (`id`, `user_id`, `action`, `module`, `record_id`, `description`, `old_data`, `new_data`, `ip_address`, `user_agent`, `created_at`) VALUES ('185', '1', 'login', 'auth', NULL, 'User admin berhasil login', NULL, NULL, '::1', 'Mozilla/5.0 (Windows NT 10.0; Win64; x64) AppleWebKit/537.36 (KHTML, like Gecko) Chrome/143.0.0.0 Safari/537.36', '2025-12-25 06:35:16');
INSERT INTO `activity_logs` (`id`, `user_id`, `action`, `module`, `record_id`, `description`, `old_data`, `new_data`, `ip_address`, `user_agent`, `created_at`) VALUES ('186', '1', 'logout', 'auth', NULL, 'User logout', NULL, NULL, '::1', 'Mozilla/5.0 (Windows NT 10.0; Win64; x64) AppleWebKit/537.36 (KHTML, like Gecko) Chrome/143.0.0.0 Safari/537.36', '2025-12-25 06:35:20');
INSERT INTO `activity_logs` (`id`, `user_id`, `action`, `module`, `record_id`, `description`, `old_data`, `new_data`, `ip_address`, `user_agent`, `created_at`) VALUES ('187', '1', 'login', 'auth', NULL, 'User admin berhasil login', NULL, NULL, '::1', 'Mozilla/5.0 (Windows NT 10.0; Win64; x64) AppleWebKit/537.36 (KHTML, like Gecko) Chrome/143.0.0.0 Safari/537.36', '2025-12-25 06:58:46');
INSERT INTO `activity_logs` (`id`, `user_id`, `action`, `module`, `record_id`, `description`, `old_data`, `new_data`, `ip_address`, `user_agent`, `created_at`) VALUES ('188', '1', 'logout', 'auth', NULL, 'User logout', NULL, NULL, '::1', 'Mozilla/5.0 (Windows NT 10.0; Win64; x64) AppleWebKit/537.36 (KHTML, like Gecko) Chrome/143.0.0.0 Safari/537.36', '2025-12-25 06:58:51');
INSERT INTO `activity_logs` (`id`, `user_id`, `action`, `module`, `record_id`, `description`, `old_data`, `new_data`, `ip_address`, `user_agent`, `created_at`) VALUES ('189', '1', 'login', 'auth', NULL, 'User admin berhasil login', NULL, NULL, '::1', 'Mozilla/5.0 (Windows NT 10.0; Win64; x64) AppleWebKit/537.36 (KHTML, like Gecko) Chrome/143.0.0.0 Safari/537.36', '2025-12-25 07:03:34');
INSERT INTO `activity_logs` (`id`, `user_id`, `action`, `module`, `record_id`, `description`, `old_data`, `new_data`, `ip_address`, `user_agent`, `created_at`) VALUES ('190', '1', 'update', 'users', '1', 'Mengupdate user: admin', '{\"id\":1,\"username\":\"admin\",\"email\":\"admin@finacore.com\",\"password\":\"$2y$10$92IXUNpkjO0rOQ5byMi.Ye4oKoEa3Ro9llC\\/.og\\/at2.uheWG\\/igi\",\"full_name\":\"Administrator\",\"role_id\":1,\"status\":\"active\",\"last_login\":\"2025-12-25 07:03:34\",\"created_at\":\"2025-12-09 09:52:50\",\"updated_at\":\"2025-12-25 07:03:34\",\"role_name\":\"Admin\"}', '{\"username\":\"admin\",\"email\":\"admin@finacore.com\",\"password\":\"password1\",\"full_name\":\"Administrator\",\"role_id\":1,\"status\":\"active\"}', '::1', 'Mozilla/5.0 (Windows NT 10.0; Win64; x64) AppleWebKit/537.36 (KHTML, like Gecko) Chrome/143.0.0.0 Safari/537.36', '2025-12-25 07:04:24');
INSERT INTO `activity_logs` (`id`, `user_id`, `action`, `module`, `record_id`, `description`, `old_data`, `new_data`, `ip_address`, `user_agent`, `created_at`) VALUES ('191', '1', 'update', 'users', '1', 'Mengupdate user: admin', '{\"id\":1,\"username\":\"admin\",\"email\":\"admin@finacore.com\",\"password\":\"$2y$10$qPQ120lWPxH.8Vk8RlJ6yeNMlAQwqAL2K5GquPQSkJnBHYFwHIMgW\",\"full_name\":\"Administrator\",\"role_id\":1,\"status\":\"active\",\"last_login\":\"2025-12-25 07:03:34\",\"created_at\":\"2025-12-09 09:52:50\",\"updated_at\":\"2025-12-25 07:04:24\",\"role_name\":\"Admin\"}', '{\"username\":\"admin\",\"email\":\"admin@finacore.com\",\"password\":\"password123\",\"full_name\":\"Administrator\",\"role_id\":1,\"status\":\"active\"}', '::1', 'Mozilla/5.0 (Windows NT 10.0; Win64; x64) AppleWebKit/537.36 (KHTML, like Gecko) Chrome/143.0.0.0 Safari/537.36', '2025-12-25 07:04:33');
INSERT INTO `activity_logs` (`id`, `user_id`, `action`, `module`, `record_id`, `description`, `old_data`, `new_data`, `ip_address`, `user_agent`, `created_at`) VALUES ('192', '1', 'logout', 'auth', NULL, 'User logout', NULL, NULL, '::1', 'Mozilla/5.0 (Windows NT 10.0; Win64; x64) AppleWebKit/537.36 (KHTML, like Gecko) Chrome/143.0.0.0 Safari/537.36', '2025-12-25 07:04:35');
INSERT INTO `activity_logs` (`id`, `user_id`, `action`, `module`, `record_id`, `description`, `old_data`, `new_data`, `ip_address`, `user_agent`, `created_at`) VALUES ('193', '1', 'login', 'auth', NULL, 'User admin berhasil login', NULL, NULL, '::1', 'Mozilla/5.0 (Windows NT 10.0; Win64; x64) AppleWebKit/537.36 (KHTML, like Gecko) Chrome/143.0.0.0 Safari/537.36', '2025-12-25 07:04:39');
INSERT INTO `activity_logs` (`id`, `user_id`, `action`, `module`, `record_id`, `description`, `old_data`, `new_data`, `ip_address`, `user_agent`, `created_at`) VALUES ('194', '1', 'logout', 'auth', NULL, 'User logout', NULL, NULL, '::1', 'Mozilla/5.0 (Windows NT 10.0; Win64; x64) AppleWebKit/537.36 (KHTML, like Gecko) Chrome/143.0.0.0 Safari/537.36', '2025-12-25 07:04:43');
INSERT INTO `activity_logs` (`id`, `user_id`, `action`, `module`, `record_id`, `description`, `old_data`, `new_data`, `ip_address`, `user_agent`, `created_at`) VALUES ('195', '1', 'login', 'auth', NULL, 'User admin berhasil login', NULL, NULL, '::1', 'Mozilla/5.0 (Windows NT 10.0; Win64; x64) AppleWebKit/537.36 (KHTML, like Gecko) Chrome/143.0.0.0 Safari/537.36', '2025-12-25 07:14:41');
INSERT INTO `activity_logs` (`id`, `user_id`, `action`, `module`, `record_id`, `description`, `old_data`, `new_data`, `ip_address`, `user_agent`, `created_at`) VALUES ('196', '1', 'logout', 'auth', NULL, 'User logout', NULL, NULL, '::1', 'Mozilla/5.0 (Windows NT 10.0; Win64; x64) AppleWebKit/537.36 (KHTML, like Gecko) Chrome/143.0.0.0 Safari/537.36', '2025-12-25 07:15:20');
INSERT INTO `activity_logs` (`id`, `user_id`, `action`, `module`, `record_id`, `description`, `old_data`, `new_data`, `ip_address`, `user_agent`, `created_at`) VALUES ('197', '2', 'login', 'auth', NULL, 'User akuntan1 berhasil login', NULL, NULL, '::1', 'Mozilla/5.0 (Windows NT 10.0; Win64; x64) AppleWebKit/537.36 (KHTML, like Gecko) Chrome/143.0.0.0 Safari/537.36', '2025-12-25 07:15:27');
INSERT INTO `activity_logs` (`id`, `user_id`, `action`, `module`, `record_id`, `description`, `old_data`, `new_data`, `ip_address`, `user_agent`, `created_at`) VALUES ('198', '2', 'logout', 'auth', NULL, 'User logout', NULL, NULL, '::1', 'Mozilla/5.0 (Windows NT 10.0; Win64; x64) AppleWebKit/537.36 (KHTML, like Gecko) Chrome/143.0.0.0 Safari/537.36', '2025-12-25 07:22:11');
INSERT INTO `activity_logs` (`id`, `user_id`, `action`, `module`, `record_id`, `description`, `old_data`, `new_data`, `ip_address`, `user_agent`, `created_at`) VALUES ('199', '1', 'login', 'auth', NULL, 'User admin berhasil login', NULL, NULL, '::1', 'Mozilla/5.0 (Windows NT 10.0; Win64; x64) AppleWebKit/537.36 (KHTML, like Gecko) Chrome/143.0.0.0 Safari/537.36', '2025-12-25 07:22:34');

DROP TABLE IF EXISTS `attachments`;
CREATE TABLE `attachments` (
  `id` int(11) NOT NULL AUTO_INCREMENT,
  `filename` varchar(255) NOT NULL,
  `original_name` varchar(255) NOT NULL,
  `filepath` varchar(500) NOT NULL,
  `filetype` varchar(100) DEFAULT NULL,
  `filesize` int(11) DEFAULT NULL,
  `journal_entry_id` int(11) DEFAULT NULL,
  `cash_transaction_id` int(11) DEFAULT NULL,
  `uploaded_by` int(11) NOT NULL,
  `uploaded_at` datetime DEFAULT current_timestamp(),
  PRIMARY KEY (`id`),
  KEY `journal_entry_id` (`journal_entry_id`),
  KEY `cash_transaction_id` (`cash_transaction_id`),
  KEY `uploaded_by` (`uploaded_by`),
  CONSTRAINT `attachments_ibfk_1` FOREIGN KEY (`journal_entry_id`) REFERENCES `journal_entries` (`id`) ON DELETE CASCADE,
  CONSTRAINT `attachments_ibfk_2` FOREIGN KEY (`cash_transaction_id`) REFERENCES `cash_transactions` (`id`) ON DELETE CASCADE,
  CONSTRAINT `attachments_ibfk_3` FOREIGN KEY (`uploaded_by`) REFERENCES `users` (`id`)
) ENGINE=InnoDB DEFAULT CHARSET=utf8mb4 COLLATE=utf8mb4_unicode_ci;

DROP TABLE IF EXISTS `cash_transactions`;
CREATE TABLE `cash_transactions` (
  `id` int(11) NOT NULL AUTO_INCREMENT,
  `transaction_number` varchar(50) NOT NULL,
  `transaction_date` date NOT NULL,
  `type` enum('masuk','keluar') NOT NULL,
  `account_id` int(11) NOT NULL,
  `amount` decimal(15,2) NOT NULL,
  `description` text DEFAULT NULL,
  `reference` varchar(100) DEFAULT NULL,
  `created_by` int(11) NOT NULL,
  `status` enum('pending','approved','rejected') DEFAULT 'pending',
  `created_at` datetime DEFAULT current_timestamp(),
  `updated_at` datetime DEFAULT current_timestamp() ON UPDATE current_timestamp(),
  PRIMARY KEY (`id`),
  UNIQUE KEY `transaction_number` (`transaction_number`),
  KEY `account_id` (`account_id`),
  KEY `created_by` (`created_by`),
  KEY `idx_cash_transactions_date` (`transaction_date`),
  KEY `idx_cash_transactions_type` (`type`),
  CONSTRAINT `cash_transactions_ibfk_1` FOREIGN KEY (`account_id`) REFERENCES `accounts` (`id`),
  CONSTRAINT `cash_transactions_ibfk_2` FOREIGN KEY (`created_by`) REFERENCES `users` (`id`)
) ENGINE=InnoDB AUTO_INCREMENT=9 DEFAULT CHARSET=utf8mb4 COLLATE=utf8mb4_unicode_ci;

INSERT INTO `cash_transactions` (`id`, `transaction_number`, `transaction_date`, `type`, `account_id`, `amount`, `description`, `reference`, `created_by`, `status`, `created_at`, `updated_at`) VALUES ('1', 'KM-202412-0001', '2024-12-01', 'masuk', '2', '50000000.00', 'Setoran modal tambahan', NULL, '3', 'approved', '2025-12-09 09:52:50', '2025-12-09 09:52:50');
INSERT INTO `cash_transactions` (`id`, `transaction_number`, `transaction_date`, `type`, `account_id`, `amount`, `description`, `reference`, `created_by`, `status`, `created_at`, `updated_at`) VALUES ('2', 'KK-202412-0001', '2024-12-02', 'keluar', '2', '5000000.00', 'Pengisian kas kecil', NULL, '3', 'approved', '2025-12-09 09:52:50', '2025-12-09 09:52:50');
INSERT INTO `cash_transactions` (`id`, `transaction_number`, `transaction_date`, `type`, `account_id`, `amount`, `description`, `reference`, `created_by`, `status`, `created_at`, `updated_at`) VALUES ('3', 'KM-202412-0002', '2024-12-03', 'masuk', '1', '3000000.00', 'Penjualan tunai', NULL, '3', 'approved', '2025-12-09 09:52:50', '2025-12-09 09:52:50');
INSERT INTO `cash_transactions` (`id`, `transaction_number`, `transaction_date`, `type`, `account_id`, `amount`, `description`, `reference`, `created_by`, `status`, `created_at`, `updated_at`) VALUES ('4', 'KK-202412-0002', '2024-12-04', 'keluar', '1', '500000.00', 'Beli ATK', NULL, '3', 'pending', '2025-12-09 09:52:50', '2025-12-09 09:52:50');
INSERT INTO `cash_transactions` (`id`, `transaction_number`, `transaction_date`, `type`, `account_id`, `amount`, `description`, `reference`, `created_by`, `status`, `created_at`, `updated_at`) VALUES ('5', 'KK-202412-0003', '2024-12-05', 'keluar', '2', '15000000.00', 'Pembayaran supplier', NULL, '3', 'approved', '2025-12-09 09:52:50', '2025-12-09 09:52:50');
INSERT INTO `cash_transactions` (`id`, `transaction_number`, `transaction_date`, `type`, `account_id`, `amount`, `description`, `reference`, `created_by`, `status`, `created_at`, `updated_at`) VALUES ('6', 'KM-DEMO-01', '2025-12-18', 'masuk', '2', '500000.00', 'Demo Transaksi', NULL, '1', 'approved', '2025-12-18 09:57:29', '2025-12-18 09:57:29');
INSERT INTO `cash_transactions` (`id`, `transaction_number`, `transaction_date`, `type`, `account_id`, `amount`, `description`, `reference`, `created_by`, `status`, `created_at`, `updated_at`) VALUES ('7', 'KM-202512-0001', '2025-12-20', 'masuk', '1', '25000.00', 'Kas Hari ini', '12345678910', '3', 'pending', '2025-12-20 04:37:51', '2025-12-20 04:37:51');
INSERT INTO `cash_transactions` (`id`, `transaction_number`, `transaction_date`, `type`, `account_id`, `amount`, `description`, `reference`, `created_by`, `status`, `created_at`, `updated_at`) VALUES ('8', 'KK-202512-0001', '2025-12-20', 'keluar', '3', '200000.00', 'Kas keluar hari ini', '1234512345', '3', 'pending', '2025-12-20 04:38:34', '2025-12-20 04:38:34');

DROP TABLE IF EXISTS `journal_details`;
CREATE TABLE `journal_details` (
  `id` int(11) NOT NULL AUTO_INCREMENT,
  `journal_entry_id` int(11) NOT NULL,
  `account_id` int(11) NOT NULL,
  `debit` decimal(15,2) DEFAULT 0.00,
  `credit` decimal(15,2) DEFAULT 0.00,
  `description` varchar(255) DEFAULT NULL,
  PRIMARY KEY (`id`),
  KEY `account_id` (`account_id`),
  KEY `idx_journal_details_entry` (`journal_entry_id`),
  CONSTRAINT `journal_details_ibfk_1` FOREIGN KEY (`journal_entry_id`) REFERENCES `journal_entries` (`id`) ON DELETE CASCADE,
  CONSTRAINT `journal_details_ibfk_2` FOREIGN KEY (`account_id`) REFERENCES `accounts` (`id`)
) ENGINE=InnoDB AUTO_INCREMENT=11 DEFAULT CHARSET=utf8mb4 COLLATE=utf8mb4_unicode_ci;

INSERT INTO `journal_details` (`id`, `journal_entry_id`, `account_id`, `debit`, `credit`, `description`) VALUES ('1', '1', '2', '15000000.00', '0.00', 'Piutang dari penjualan');
INSERT INTO `journal_details` (`id`, `journal_entry_id`, `account_id`, `debit`, `credit`, `description`) VALUES ('2', '1', '16', '0.00', '15000000.00', 'Pendapatan penjualan');
INSERT INTO `journal_details` (`id`, `journal_entry_id`, `account_id`, `debit`, `credit`, `description`) VALUES ('3', '2', '19', '25000000.00', '0.00', 'Beban gaji November');
INSERT INTO `journal_details` (`id`, `journal_entry_id`, `account_id`, `debit`, `credit`, `description`) VALUES ('4', '2', '2', '0.00', '25000000.00', 'Pembayaran via Bank BCA');
INSERT INTO `journal_details` (`id`, `journal_entry_id`, `account_id`, `debit`, `credit`, `description`) VALUES ('5', '3', '22', '2500000.00', '0.00', 'Perlengkapan kantor');
INSERT INTO `journal_details` (`id`, `journal_entry_id`, `account_id`, `debit`, `credit`, `description`) VALUES ('6', '3', '1', '0.00', '2500000.00', 'Pembayaran tunai');
INSERT INTO `journal_details` (`id`, `journal_entry_id`, `account_id`, `debit`, `credit`, `description`) VALUES ('7', '4', '2', '10000000.00', '0.00', 'Terima dari Bank BCA');
INSERT INTO `journal_details` (`id`, `journal_entry_id`, `account_id`, `debit`, `credit`, `description`) VALUES ('8', '4', '4', '0.00', '10000000.00', 'Pelunasan piutang');
INSERT INTO `journal_details` (`id`, `journal_entry_id`, `account_id`, `debit`, `credit`, `description`) VALUES ('9', '6', '25', '1000.00', '100000.00', 'test');
INSERT INTO `journal_details` (`id`, `journal_entry_id`, `account_id`, `debit`, `credit`, `description`) VALUES ('10', '6', '7', '100000.00', '1000.00', '');

DROP TABLE IF EXISTS `journal_entries`;
CREATE TABLE `journal_entries` (
  `id` int(11) NOT NULL AUTO_INCREMENT,
  `entry_number` varchar(50) NOT NULL,
  `entry_date` date NOT NULL,
  `description` text DEFAULT NULL,
  `total_amount` decimal(15,2) NOT NULL DEFAULT 0.00,
  `created_by` int(11) NOT NULL,
  `approved_by` int(11) DEFAULT NULL,
  `status` enum('pending','approved','rejected') DEFAULT 'pending',
  `rejection_note` text DEFAULT NULL,
  `created_at` datetime DEFAULT current_timestamp(),
  `updated_at` datetime DEFAULT current_timestamp() ON UPDATE current_timestamp(),
  PRIMARY KEY (`id`),
  UNIQUE KEY `entry_number` (`entry_number`),
  KEY `approved_by` (`approved_by`),
  KEY `idx_journal_entries_date` (`entry_date`),
  KEY `idx_journal_entries_status` (`status`),
  KEY `idx_journal_entries_created_by` (`created_by`),
  CONSTRAINT `journal_entries_ibfk_1` FOREIGN KEY (`created_by`) REFERENCES `users` (`id`),
  CONSTRAINT `journal_entries_ibfk_2` FOREIGN KEY (`approved_by`) REFERENCES `users` (`id`) ON DELETE SET NULL
) ENGINE=InnoDB AUTO_INCREMENT=7 DEFAULT CHARSET=utf8mb4 COLLATE=utf8mb4_unicode_ci;

INSERT INTO `journal_entries` (`id`, `entry_number`, `entry_date`, `description`, `total_amount`, `created_by`, `approved_by`, `status`, `rejection_note`, `created_at`, `updated_at`) VALUES ('1', 'JU-202412-0001', '2024-12-01', 'Penjualan barang dagangan kepada PT ABC', '15000000.00', '2', '1', 'approved', NULL, '2025-12-09 09:52:50', '2025-12-09 09:52:50');
INSERT INTO `journal_entries` (`id`, `entry_number`, `entry_date`, `description`, `total_amount`, `created_by`, `approved_by`, `status`, `rejection_note`, `created_at`, `updated_at`) VALUES ('2', 'JU-202412-0002', '2024-12-02', 'Pembayaran gaji karyawan bulan November', '25000000.00', '2', '1', 'approved', NULL, '2025-12-09 09:52:50', '2025-12-09 09:52:50');
INSERT INTO `journal_entries` (`id`, `entry_number`, `entry_date`, `description`, `total_amount`, `created_by`, `approved_by`, `status`, `rejection_note`, `created_at`, `updated_at`) VALUES ('3', 'JU-202412-0003', '2024-12-03', 'Pembelian perlengkapan kantor', '2500000.00', '2', '2', 'approved', NULL, '2025-12-09 09:52:50', '2025-12-09 20:50:02');
INSERT INTO `journal_entries` (`id`, `entry_number`, `entry_date`, `description`, `total_amount`, `created_by`, `approved_by`, `status`, `rejection_note`, `created_at`, `updated_at`) VALUES ('4', 'JU-202412-0004', '2024-12-05', 'Penerimaan pembayaran piutang dari pelanggan', '10000000.00', '2', '1', 'approved', NULL, '2025-12-09 09:52:50', '2025-12-09 09:52:50');
INSERT INTO `journal_entries` (`id`, `entry_number`, `entry_date`, `description`, `total_amount`, `created_by`, `approved_by`, `status`, `rejection_note`, `created_at`, `updated_at`) VALUES ('6', 'JU-202512-0001', '2025-12-24', 'Transaksi Kehidupan\r\n\r\n\r\nTransaksi Kehidupan', '101000.00', '1', '1', 'approved', NULL, '2025-12-24 22:18:35', '2025-12-24 22:20:08');

DROP TABLE IF EXISTS `permissions`;
CREATE TABLE `permissions` (
  `id` int(11) NOT NULL AUTO_INCREMENT,
  `name` varchar(100) NOT NULL,
  `module` varchar(50) NOT NULL,
  `action` varchar(50) NOT NULL,
  `description` varchar(255) DEFAULT NULL,
  PRIMARY KEY (`id`),
  UNIQUE KEY `name` (`name`)
) ENGINE=InnoDB AUTO_INCREMENT=22 DEFAULT CHARSET=utf8mb4 COLLATE=utf8mb4_unicode_ci;

INSERT INTO `permissions` (`id`, `name`, `module`, `action`, `description`) VALUES ('1', 'users_view', 'users', 'view', 'Melihat data pengguna');
INSERT INTO `permissions` (`id`, `name`, `module`, `action`, `description`) VALUES ('2', 'users_create', 'users', 'create', 'Membuat pengguna baru');
INSERT INTO `permissions` (`id`, `name`, `module`, `action`, `description`) VALUES ('3', 'users_edit', 'users', 'edit', 'Mengedit data pengguna');
INSERT INTO `permissions` (`id`, `name`, `module`, `action`, `description`) VALUES ('4', 'users_delete', 'users', 'delete', 'Menghapus pengguna');
INSERT INTO `permissions` (`id`, `name`, `module`, `action`, `description`) VALUES ('5', 'roles_manage', 'roles', 'manage', 'Mengelola role dan permission');
INSERT INTO `permissions` (`id`, `name`, `module`, `action`, `description`) VALUES ('6', 'accounts_view', 'accounts', 'view', 'Melihat chart of accounts');
INSERT INTO `permissions` (`id`, `name`, `module`, `action`, `description`) VALUES ('7', 'accounts_create', 'accounts', 'create', 'Membuat akun baru');
INSERT INTO `permissions` (`id`, `name`, `module`, `action`, `description`) VALUES ('8', 'accounts_edit', 'accounts', 'edit', 'Mengedit akun');
INSERT INTO `permissions` (`id`, `name`, `module`, `action`, `description`) VALUES ('9', 'accounts_delete', 'accounts', 'delete', 'Menghapus akun');
INSERT INTO `permissions` (`id`, `name`, `module`, `action`, `description`) VALUES ('10', 'journal_view', 'journal', 'view', 'Melihat jurnal umum');
INSERT INTO `permissions` (`id`, `name`, `module`, `action`, `description`) VALUES ('11', 'journal_create', 'journal', 'create', 'Membuat jurnal baru');
INSERT INTO `permissions` (`id`, `name`, `module`, `action`, `description`) VALUES ('12', 'journal_edit', 'journal', 'edit', 'Mengedit jurnal');
INSERT INTO `permissions` (`id`, `name`, `module`, `action`, `description`) VALUES ('13', 'journal_delete', 'journal', 'delete', 'Menghapus jurnal');
INSERT INTO `permissions` (`id`, `name`, `module`, `action`, `description`) VALUES ('14', 'journal_approve', 'journal', 'approve', 'Menyetujui jurnal');
INSERT INTO `permissions` (`id`, `name`, `module`, `action`, `description`) VALUES ('15', 'cash_view', 'cash', 'view', 'Melihat transaksi kas');
INSERT INTO `permissions` (`id`, `name`, `module`, `action`, `description`) VALUES ('16', 'cash_create', 'cash', 'create', 'Membuat transaksi kas');
INSERT INTO `permissions` (`id`, `name`, `module`, `action`, `description`) VALUES ('17', 'cash_edit', 'cash', 'edit', 'Mengedit transaksi kas');
INSERT INTO `permissions` (`id`, `name`, `module`, `action`, `description`) VALUES ('18', 'cash_delete', 'cash', 'delete', 'Menghapus transaksi kas');
INSERT INTO `permissions` (`id`, `name`, `module`, `action`, `description`) VALUES ('19', 'reports_view', 'reports', 'view', 'Melihat laporan');
INSERT INTO `permissions` (`id`, `name`, `module`, `action`, `description`) VALUES ('20', 'reports_export', 'reports', 'export', 'Export laporan');
INSERT INTO `permissions` (`id`, `name`, `module`, `action`, `description`) VALUES ('21', 'logs_view', 'logs', 'view', 'Melihat activity logs');

DROP TABLE IF EXISTS `role_permissions`;
CREATE TABLE `role_permissions` (
  `id` int(11) NOT NULL AUTO_INCREMENT,
  `role_id` int(11) NOT NULL,
  `permission_id` int(11) NOT NULL,
  PRIMARY KEY (`id`),
  UNIQUE KEY `unique_role_permission` (`role_id`,`permission_id`),
  KEY `permission_id` (`permission_id`),
  CONSTRAINT `role_permissions_ibfk_1` FOREIGN KEY (`role_id`) REFERENCES `roles` (`id`) ON DELETE CASCADE,
  CONSTRAINT `role_permissions_ibfk_2` FOREIGN KEY (`permission_id`) REFERENCES `permissions` (`id`) ON DELETE CASCADE
) ENGINE=InnoDB AUTO_INCREMENT=69 DEFAULT CHARSET=utf8mb4 COLLATE=utf8mb4_unicode_ci;

INSERT INTO `role_permissions` (`id`, `role_id`, `permission_id`) VALUES ('21', '1', '1');
INSERT INTO `role_permissions` (`id`, `role_id`, `permission_id`) VALUES ('18', '1', '2');
INSERT INTO `role_permissions` (`id`, `role_id`, `permission_id`) VALUES ('20', '1', '3');
INSERT INTO `role_permissions` (`id`, `role_id`, `permission_id`) VALUES ('19', '1', '4');
INSERT INTO `role_permissions` (`id`, `role_id`, `permission_id`) VALUES ('17', '1', '5');
INSERT INTO `role_permissions` (`id`, `role_id`, `permission_id`) VALUES ('4', '1', '6');
INSERT INTO `role_permissions` (`id`, `role_id`, `permission_id`) VALUES ('1', '1', '7');
INSERT INTO `role_permissions` (`id`, `role_id`, `permission_id`) VALUES ('3', '1', '8');
INSERT INTO `role_permissions` (`id`, `role_id`, `permission_id`) VALUES ('2', '1', '9');
INSERT INTO `role_permissions` (`id`, `role_id`, `permission_id`) VALUES ('13', '1', '10');
INSERT INTO `role_permissions` (`id`, `role_id`, `permission_id`) VALUES ('10', '1', '11');
INSERT INTO `role_permissions` (`id`, `role_id`, `permission_id`) VALUES ('12', '1', '12');
INSERT INTO `role_permissions` (`id`, `role_id`, `permission_id`) VALUES ('11', '1', '13');
INSERT INTO `role_permissions` (`id`, `role_id`, `permission_id`) VALUES ('9', '1', '14');
INSERT INTO `role_permissions` (`id`, `role_id`, `permission_id`) VALUES ('8', '1', '15');
INSERT INTO `role_permissions` (`id`, `role_id`, `permission_id`) VALUES ('5', '1', '16');
INSERT INTO `role_permissions` (`id`, `role_id`, `permission_id`) VALUES ('7', '1', '17');
INSERT INTO `role_permissions` (`id`, `role_id`, `permission_id`) VALUES ('6', '1', '18');
INSERT INTO `role_permissions` (`id`, `role_id`, `permission_id`) VALUES ('16', '1', '19');
INSERT INTO `role_permissions` (`id`, `role_id`, `permission_id`) VALUES ('15', '1', '20');
INSERT INTO `role_permissions` (`id`, `role_id`, `permission_id`) VALUES ('14', '1', '21');
INSERT INTO `role_permissions` (`id`, `role_id`, `permission_id`) VALUES ('32', '2', '6');
INSERT INTO `role_permissions` (`id`, `role_id`, `permission_id`) VALUES ('33', '2', '7');
INSERT INTO `role_permissions` (`id`, `role_id`, `permission_id`) VALUES ('34', '2', '8');
INSERT INTO `role_permissions` (`id`, `role_id`, `permission_id`) VALUES ('35', '2', '9');
INSERT INTO `role_permissions` (`id`, `role_id`, `permission_id`) VALUES ('36', '2', '10');
INSERT INTO `role_permissions` (`id`, `role_id`, `permission_id`) VALUES ('37', '2', '11');
INSERT INTO `role_permissions` (`id`, `role_id`, `permission_id`) VALUES ('38', '2', '12');
INSERT INTO `role_permissions` (`id`, `role_id`, `permission_id`) VALUES ('39', '2', '13');
INSERT INTO `role_permissions` (`id`, `role_id`, `permission_id`) VALUES ('40', '2', '14');
INSERT INTO `role_permissions` (`id`, `role_id`, `permission_id`) VALUES ('41', '2', '19');
INSERT INTO `role_permissions` (`id`, `role_id`, `permission_id`) VALUES ('42', '2', '20');
INSERT INTO `role_permissions` (`id`, `role_id`, `permission_id`) VALUES ('43', '2', '21');
INSERT INTO `role_permissions` (`id`, `role_id`, `permission_id`) VALUES ('47', '3', '15');
INSERT INTO `role_permissions` (`id`, `role_id`, `permission_id`) VALUES ('48', '3', '16');
INSERT INTO `role_permissions` (`id`, `role_id`, `permission_id`) VALUES ('49', '3', '17');
INSERT INTO `role_permissions` (`id`, `role_id`, `permission_id`) VALUES ('50', '3', '19');
INSERT INTO `role_permissions` (`id`, `role_id`, `permission_id`) VALUES ('54', '4', '1');
INSERT INTO `role_permissions` (`id`, `role_id`, `permission_id`) VALUES ('55', '4', '6');
INSERT INTO `role_permissions` (`id`, `role_id`, `permission_id`) VALUES ('56', '4', '10');
INSERT INTO `role_permissions` (`id`, `role_id`, `permission_id`) VALUES ('57', '4', '15');
INSERT INTO `role_permissions` (`id`, `role_id`, `permission_id`) VALUES ('58', '4', '19');
INSERT INTO `role_permissions` (`id`, `role_id`, `permission_id`) VALUES ('59', '4', '20');
INSERT INTO `role_permissions` (`id`, `role_id`, `permission_id`) VALUES ('60', '4', '21');
INSERT INTO `role_permissions` (`id`, `role_id`, `permission_id`) VALUES ('61', '5', '1');
INSERT INTO `role_permissions` (`id`, `role_id`, `permission_id`) VALUES ('62', '5', '6');
INSERT INTO `role_permissions` (`id`, `role_id`, `permission_id`) VALUES ('63', '5', '10');
INSERT INTO `role_permissions` (`id`, `role_id`, `permission_id`) VALUES ('64', '5', '14');
INSERT INTO `role_permissions` (`id`, `role_id`, `permission_id`) VALUES ('65', '5', '15');
INSERT INTO `role_permissions` (`id`, `role_id`, `permission_id`) VALUES ('66', '5', '19');
INSERT INTO `role_permissions` (`id`, `role_id`, `permission_id`) VALUES ('67', '5', '20');
INSERT INTO `role_permissions` (`id`, `role_id`, `permission_id`) VALUES ('68', '5', '21');

DROP TABLE IF EXISTS `roles`;
CREATE TABLE `roles` (
  `id` int(11) NOT NULL AUTO_INCREMENT,
  `name` varchar(50) NOT NULL,
  `description` varchar(255) DEFAULT NULL,
  `created_at` datetime DEFAULT current_timestamp(),
  PRIMARY KEY (`id`),
  UNIQUE KEY `name` (`name`)
) ENGINE=InnoDB AUTO_INCREMENT=6 DEFAULT CHARSET=utf8mb4 COLLATE=utf8mb4_unicode_ci;

INSERT INTO `roles` (`id`, `name`, `description`, `created_at`) VALUES ('1', 'Admin', 'Administrator dengan akses penuh ke seluruh sistem', '2025-12-09 09:52:49');
INSERT INTO `roles` (`id`, `name`, `description`, `created_at`) VALUES ('2', 'Akuntan', 'Mengelola jurnal umum dan laporan akuntansi', '2025-12-09 09:52:49');
INSERT INTO `roles` (`id`, `name`, `description`, `created_at`) VALUES ('3', 'Staff Keuangan', 'Mengelola transaksi kas masuk dan keluar', '2025-12-09 09:52:49');
INSERT INTO `roles` (`id`, `name`, `description`, `created_at`) VALUES ('4', 'Auditor', 'Melihat dan mengaudit seluruh laporan', '2025-12-09 09:52:49');
INSERT INTO `roles` (`id`, `name`, `description`, `created_at`) VALUES ('5', 'Manajer Keuangan', 'Approval transaksi dan monitoring laporan', '2025-12-09 09:52:49');

DROP TABLE IF EXISTS `users`;
CREATE TABLE `users` (
  `id` int(11) NOT NULL AUTO_INCREMENT,
  `username` varchar(50) NOT NULL,
  `email` varchar(100) NOT NULL,
  `password` varchar(255) NOT NULL,
  `full_name` varchar(100) NOT NULL,
  `role_id` int(11) NOT NULL,
  `status` enum('active','inactive') DEFAULT 'active',
  `last_login` datetime DEFAULT NULL,
  `created_at` datetime DEFAULT current_timestamp(),
  `updated_at` datetime DEFAULT current_timestamp() ON UPDATE current_timestamp(),
  PRIMARY KEY (`id`),
  UNIQUE KEY `username` (`username`),
  UNIQUE KEY `email` (`email`),
  KEY `idx_users_role` (`role_id`),
  KEY `idx_users_status` (`status`),
  CONSTRAINT `users_ibfk_1` FOREIGN KEY (`role_id`) REFERENCES `roles` (`id`)
) ENGINE=InnoDB AUTO_INCREMENT=10 DEFAULT CHARSET=utf8mb4 COLLATE=utf8mb4_unicode_ci;

INSERT INTO `users` (`id`, `username`, `email`, `password`, `full_name`, `role_id`, `status`, `last_login`, `created_at`, `updated_at`) VALUES ('1', 'admin', 'admin@finacore.com', '$2y$10$f0/tqYCNPXuT7wYfVkTV/.fFXTlh95uzvmIuVtTRZYbnffEaAAIpq', 'Administrator', '1', 'active', '2025-12-25 07:22:34', '2025-12-09 09:52:50', '2025-12-25 07:22:34');
INSERT INTO `users` (`id`, `username`, `email`, `password`, `full_name`, `role_id`, `status`, `last_login`, `created_at`, `updated_at`) VALUES ('2', 'akuntan1', 'akuntan@finacore.com', '$2y$10$92IXUNpkjO0rOQ5byMi.Ye4oKoEa3Ro9llC/.og/at2.uheWG/igi', 'Budi Santoso', '2', 'active', '2025-12-25 07:15:27', '2025-12-09 09:52:50', '2025-12-25 07:15:27');
INSERT INTO `users` (`id`, `username`, `email`, `password`, `full_name`, `role_id`, `status`, `last_login`, `created_at`, `updated_at`) VALUES ('3', 'staff1', 'staff@finacore.com', '$2y$10$92IXUNpkjO0rOQ5byMi.Ye4oKoEa3Ro9llC/.og/at2.uheWG/igi', 'Siti Rahayu', '3', 'active', '2025-12-24 18:38:37', '2025-12-09 09:52:50', '2025-12-24 18:38:37');
INSERT INTO `users` (`id`, `username`, `email`, `password`, `full_name`, `role_id`, `status`, `last_login`, `created_at`, `updated_at`) VALUES ('4', 'auditor1', 'auditor@finacore.com', '$2y$10$92IXUNpkjO0rOQ5byMi.Ye4oKoEa3Ro9llC/.og/at2.uheWG/igi', 'Ahmad Wijaya', '4', 'active', '2025-12-24 18:55:20', '2025-12-09 09:52:50', '2025-12-24 18:55:20');
INSERT INTO `users` (`id`, `username`, `email`, `password`, `full_name`, `role_id`, `status`, `last_login`, `created_at`, `updated_at`) VALUES ('5', 'manajer1', 'manajer@finacore.com', '$2y$10$92IXUNpkjO0rOQ5byMi.Ye4oKoEa3Ro9llC/.og/at2.uheWG/igi', 'Dewi Lestari', '5', 'active', '2025-12-24 18:51:47', '2025-12-09 09:52:50', '2025-12-24 18:51:47');

SET FOREIGN_KEY_CHECKS=1;
